-- phpMyAdmin SQL Dump
-- version 4.8.4
-- https://www.phpmyadmin.net/
--
-- Servidor: 127.0.0.1
-- Tiempo de generación: 21-02-2019 a las 22:29:40
-- Versión del servidor: 10.1.37-MariaDB
-- Versión de PHP: 7.3.1

SET SQL_MODE = "NO_AUTO_VALUE_ON_ZERO";
SET AUTOCOMMIT = 0;
START TRANSACTION;
SET time_zone = "+00:00";


/*!40101 SET @OLD_CHARACTER_SET_CLIENT=@@CHARACTER_SET_CLIENT */;
/*!40101 SET @OLD_CHARACTER_SET_RESULTS=@@CHARACTER_SET_RESULTS */;
/*!40101 SET @OLD_COLLATION_CONNECTION=@@COLLATION_CONNECTION */;
/*!40101 SET NAMES utf8mb4 */;

--
-- Base de datos: `datos_generales`
--

-- --------------------------------------------------------

--
-- Estructura de tabla para la tabla `arl`
--

CREATE TABLE `arl` (
  `idarl` int(11) NOT NULL,
  `arl_nombre` varchar(10) NOT NULL
) ENGINE=InnoDB DEFAULT CHARSET=latin1;

--
-- Volcado de datos para la tabla `arl`
--

INSERT INTO `arl` (`idarl`, `arl_nombre`) VALUES
(1, 'AIG SEGURO'),
(2, 'ALLIANZ SE'),
(3, 'ARL SURA'),
(4, 'ASEGURADOR'),
(5, 'AXA COLPAT'),
(6, 'BBVA SEGUR'),
(7, 'BERKLEY IN'),
(8, 'CARDIF COL'),
(9, 'CHUBB SEGU'),
(10, 'COFACE'),
(11, 'COLMENA CO'),
(12, 'COMPAÑIA A'),
(13, 'COMPAÑIA D'),
(14, 'COMPAÑIA M'),
(15, 'GENERALI C'),
(16, 'GENERALI C'),
(17, 'GLOBAL SEG'),
(18, 'GRUPO COLM'),
(19, 'GRUPO EMPR'),
(20, 'JMALUCELLI'),
(21, 'LA EQUIDAD'),
(22, 'LA PREVISO'),
(23, 'LIBERTY SE'),
(24, 'MAPFRE COL'),
(25, 'MAPFRE SEG'),
(26, 'METLIFE CO'),
(27, 'NACIONAL D'),
(28, 'OLD MUTUAL'),
(29, 'PAN AMERIC'),
(30, 'POSITIVA C'),
(31, 'QBE SEGURO'),
(32, 'SEGUREXPO '),
(33, 'SEGUROS AL'),
(34, 'SEGUROS DE'),
(35, 'SEGUROS DE'),
(36, 'SEGUROS GE'),
(37, 'SOLUNION C'),
(38, 'ZURICH COL'),
(39, 'COLPATRIA');

-- --------------------------------------------------------

--
-- Estructura de tabla para la tabla `banco`
--

CREATE TABLE `banco` (
  `idbanco` int(11) NOT NULL,
  `banco_descripcion` varchar(45) NOT NULL
) ENGINE=InnoDB DEFAULT CHARSET=latin1;

--
-- Volcado de datos para la tabla `banco`
--

INSERT INTO `banco` (`idbanco`, `banco_descripcion`) VALUES
(1, 'BANCO DE BOGOTA'),
(2, 'BANCO POPULAR'),
(3, 'BANCO CORPBANCA'),
(4, 'BANCOLOMBIA'),
(5, 'CITIBANK'),
(6, 'BANCO GNB SUDAMERIS'),
(7, 'BBVA COLOMBIA'),
(8, 'BANCO DE OCCIDENTE'),
(9, 'BCSC S.A.'),
(10, 'DAVIVIENDA'),
(11, 'COLPATRIA RED MULTIBANCA'),
(12, 'BANAGRARIO'),
(13, 'AV VILLAS'),
(14, 'PROCREDIT'),
(15, 'BANCAM'),
(16, 'BANCO W S.A.'),
(17, 'BANCOOMEVA'),
(18, 'FINANDINA'),
(19, 'BANCO FALABELLA S.A.'),
(20, 'BANCO PICHINCHA S.A.'),
(21, 'COOPCENTRAL'),
(22, 'BANCO SANTANDER O SANTANDER'),
(23, 'MULTIBANK S.A.'),
(24, 'BANCOMPARTIR S.A.'),
(25, 'CORFICOLOMBIANA'),
(26, 'BANCA DE INVERSI'),
(27, 'JP MORGAN'),
(28, 'BNP PARIBAS'),
(29, 'GIROS Y FINANZAS'),
(30, 'SERFINANSA'),
(31, 'COLTEFINANCIERA'),
(32, 'FINANCIERA DANN REGIONAL'),
(33, 'C.A. CREDIFINANCIERA S.A. CF'),
(34, 'PAGOS INTERNACIONALES'),
(35, 'CREDIFAMILIA'),
(36, 'OICOLOMBIA '),
(37, 'FINANCIERA JURISCOOP C.F.'),
(38, 'RCI COLOMBIA S.A. COMPA'),
(39, 'BANCO CAJA SOCIAL');

-- --------------------------------------------------------

--
-- Estructura de tabla para la tabla `barrio`
--

CREATE TABLE `barrio` (
  `idbarrio` int(11) NOT NULL,
  `barrioco_nombre` varchar(120) NOT NULL,
  `ciudad_idciudad` int(11) NOT NULL
) ENGINE=InnoDB DEFAULT CHARSET=latin1;

--
-- Volcado de datos para la tabla `barrio`
--

INSERT INTO `barrio` (`idbarrio`, `barrioco_nombre`, `ciudad_idciudad`) VALUES
(1, 'CENTRO  (CUCUTA)', 832),
(2, 'CONTENTO  (CUCUTA)', 832),
(3, 'LA PLAYA  (CUCUTA)', 832),
(4, 'LA SEXTA  (CUCUTA)', 832),
(5, 'LATINO  (CUCUTA)', 832),
(6, 'LLANO  (CUCUTA)', 832),
(7, 'PARAMO  (CUCUTA)', 832),
(8, 'ACUARELA  (CUCUTA)', 832),
(9, 'BALCONES DE SAN FRANCISCO  (CUCUTA)', 832),
(10, 'BLANCO  (CUCUTA)', 832),
(11, 'BRISAS DEL PAMPLONITA  (CUCUTA)', 832),
(12, 'CAOBOS  (CUCUTA)', 832),
(13, 'CEIBA I  (CUCUTA)', 832),
(14, 'CEIBA II  (CUCUTA)', 832),
(15, 'COLSAG  (CUCUTA)', 832),
(16, 'COMERCIAL BOLIVAR  (CUCUTA)', 832),
(17, 'CONDADO DE CASTILLA  (CUCUTA)', 832),
(18, 'EL ROSAL  (CUCUTA)', 832),
(19, 'GALICIA  (CUCUTA)', 832),
(20, 'GOVIKA  (CUCUTA)', 832),
(21, 'HACARITAMA  (CUCUTA)', 832),
(22, 'HURAPANES  (CUCUTA)', 832),
(23, 'LA CAPILLANA  (CUCUTA)', 832),
(24, 'LA CASTELLANA  (CUCUTA)', 832),
(25, 'LA CEIBA  (CUCUTA)', 832),
(26, 'LA ESPERANZA (CUCUTA)', 832),
(27, 'LA PRIMAVERA  (CUCUTA)', 832),
(28, 'LA RINCONADA  (CUCUTA)', 832),
(29, 'LA RIVIERA  (CUCUTA)', 832),
(30, 'LAS ALMEYDAS  (CUCUTA)', 832),
(31, 'LIBERTADORES  (CUCUTA)', 832),
(32, 'LOS ACACIOS  (CUCUTA)', 832),
(33, 'LOS PINOS  (CUCUTA)', 832),
(34, 'LOS PROCERES  (CUCUTA)', 832),
(35, 'MANOLO LEMUS  (CUCUTA)', 832),
(36, 'MIRADOR CAMPESTRE  (CUCUTA)', 832),
(37, 'PALMA REAL  (CUCUTA)', 832),
(38, 'PARQUE REAL  (CUCUTA)', 832),
(39, 'PARQUES RESIDENCIALES LOS LIBERTADORES  (CUCUTA)', 832),
(40, 'POPULAR  (CUCUTA)', 832),
(41, 'PRADOS CLUB  (CUCUTA)', 832),
(42, 'PRADOS I  (CUCUTA)', 832),
(43, 'PRADOS II  (CUCUTA)', 832),
(44, 'QUINTA BOSCH  (CUCUTA)', 832),
(45, 'QUINTA ORIENTAL  (CUCUTA)', 832),
(46, 'QUINTA VELEZ  (CUCUTA)', 832),
(47, 'RINCON DE LOS PRADOS  (CUCUTA)', 832),
(48, 'SAN ISIDRO  (CUCUTA)', 832),
(49, 'SAN REMO  (CUCUTA)', 832),
(50, 'SANTA LUCIA  (CUCUTA)', 832),
(51, 'SAYAGO  (CUCUTA)', 832),
(52, 'THE RIVERS COUNTRY  (CUCUTA)', 832),
(53, 'VALPARAISO SUIT  (CUCUTA)', 832),
(54, 'VILLA MARIA  (CUCUTA)', 832),
(55, 'AGUAS CALIENTES  (CUCUTA)', 832),
(56, 'BELLAVISTA (CUCUTA)', 832),
(57, 'BETHEL  (CUCUTA)', 832),
(58, 'BOCONO  (CUCUTA)', 832),
(59, 'BOGOTA  (CUCUTA)', 832),
(60, 'LA CAROLINA  (CUCUTA)', 832),
(61, 'LA LIBERTAD  (CUCUTA)', 832),
(62, 'LA UNION  (CUCUTA)', 832),
(63, 'LAS MARGARITAS  (CUCUTA)', 832),
(64, 'LUIS PEREZ HERNANDEZ  (CUCUTA)', 832),
(65, 'MORELLY  (CUCUTA)', 832),
(66, 'POLICARPA  (CUCUTA)', 832),
(67, 'SAN MATEO  (CUCUTA)', 832),
(68, 'SANTA ANA  (CUCUTA)', 832),
(69, 'URBANIZACION  SANTA ANA  (CUCUTA)', 832),
(70, 'VALLE ESTHER  (CUCUTA)', 832),
(71, '13 DE MARZO  (CUCUTA)', 832),
(72, 'ALTO PAMPLONITA  (CUCUTA)', 832),
(73, 'ANIVERSARIO I  (CUCUTA)', 832),
(74, 'ANIVERSARIO II  (CUCUTA)', 832),
(75, 'BAJO PAMPLONITA  (CUCUTA)', 832),
(76, 'BOSQUES DEL PAMPLONITA  (CUCUTA)', 832),
(77, 'CAÑAFISTOLO  (CUCUTA)', 832),
(78, 'EL HIGUERON  (CUCUTA)', 832),
(79, 'ESTACION DEL ESTE  (CUCUTA)', 832),
(80, 'HELIOPOLIS  (CUCUTA)', 832),
(81, 'LA ALAMEDA  (CUCUTA)', 832),
(82, 'LA CAMPIÑA  (CUCUTA)', 832),
(83, 'LA FLORIDA  (CUCUTA)', 832),
(84, 'LA ISLA  (CUCUTA)', 832),
(85, 'LA QUINTA  (CUCUTA)', 832),
(86, 'NUEVA SANTA CLARA  (CUCUTA)', 832),
(87, 'NUEVO ESCOBAL  (CUCUTA)', 832),
(88, 'PORTAL DEL ESCOBAL  (CUCUTA)', 832),
(89, 'PRADOS DEL ESTE  (CUCUTA)', 832),
(90, 'CONJUNTO PRADOS DEL ESTE  (CUCUTA)', 832),
(91, 'SAN JOSE  (CUCUTA)', 832),
(92, 'SAN LUIS  (CUCUTA)', 832),
(93, 'SAN MARTIN I  (CUCUTA)', 832),
(94, 'SAN MARTIN II  (CUCUTA)', 832),
(95, 'SANTA TERESITA  (CUCUTA)', 832),
(96, 'SANTILLANA  (CUCUTA)', 832),
(97, 'TERRANOVA  (CUCUTA)', 832),
(98, 'TORCOROMA  (CUCUTA)', 832),
(99, 'TORCOROMA SIGLO XXI  (CUCUTA)', 832),
(100, 'VIEJO ESCOBAL  (CUCUTA)', 832),
(101, 'VILLA CAMILA  (CUCUTA)', 832),
(102, 'VILLAS DE SAN DIEGO  (CUCUTA)', 832),
(103, 'ALCALA  (CUCUTA)', 832),
(104, 'CIUDAD JARDIN  (CUCUTA)', 832),
(105, 'COLPET  (CUCUTA)', 832),
(106, 'EL BOSQUE  (CUCUTA)', 832),
(107, 'GRATAMIRA (CUCUTA)', 832),
(108, 'GUAIMARAL  (CUCUTA)', 832),
(109, 'GUALANDAY  (CUCUTA)', 832),
(110, 'JUANA RANGEL DE CUELLAR  (CUCUTA)', 832),
(111, 'LA MAR  (CUCUTA)', 832),
(112, 'LA  MARIA  (CUCUTA)', 832),
(113, 'LA MERCED  (CUCUTA)', 832),
(114, 'LINARES  (CUCUTA)', 832),
(115, 'LLERAS RESTREPO  (CUCUTA)', 832),
(116, 'LOS ANGELES  (CUCUTA)', 832),
(117, 'NIZA  (CUCUTA)', 832),
(118, 'PARAISO  (CUCUTA)', 832),
(119, 'PESCADERO  (CUCUTA)', 832),
(120, 'PORTACHUELO  (CUCUTA)', 832),
(121, 'PRADOS DEL NORTE  (CUCUTA)', 832),
(122, 'SAN EDUARDO I Y II  (CUCUTA)', 832),
(123, 'SANTA HELENA  (CUCUTA)', 832),
(124, 'SEVILLA  (CUCUTA)', 832),
(125, 'TASAJERO  (CUCUTA)', 832),
(126, 'ZULIMA I,II,III Y IV ETAPA  (CUCUTA)', 832),
(127, '20 DE DICIEMBRE  (CUCUTA)', 832),
(128, '6 DE MAYO  (CUCUTA)', 832),
(129, '8 DE DICIEMBRE  (CUCUTA)', 832),
(130, 'AEROPUERTO  (CUCUTA)', 832),
(131, 'ALONSITO  (CUCUTA)', 832),
(132, 'BRISAS DEL AEROPUERTO  (CUCUTA)', 832),
(133, 'BRISAS DEL NORTE  (CUCUTA)', 832),
(134, 'BRISAS DEL PARAISO  (CUCUTA)', 832),
(135, 'CAMILO DAZA  (CUCUTA)', 832),
(136, 'CAÑO LIMON  (CUCUTA)', 832),
(137, 'CARLOS GARCIA LOZADA  (CUCUTA)', 832),
(138, 'CARLOS PIZARRO  (CUCUTA)', 832),
(139, 'CECILIA CASTRO  (CUCUTA)', 832),
(140, 'CERRO DE LA CRUZ  (CUCUTA)', 832),
(141, 'CERRO NORTE  (CUCUTA)', 832),
(142, 'COLINAS DE LA VICTORIA  (CUCUTA)', 832),
(143, 'COLINAS DEL SALADO  (CUCUTA)', 832),
(144, 'CONJ. CERRADO MOLINOS DEL NORTE  (CUCUTA)', 832),
(145, 'CUMBRES DEL NORTE  (CUCUTA)', 832),
(146, 'DIVINO NIÑO  (CUCUTA)', 832),
(147, 'EL CERRO  (CUCUTA)', 832),
(148, 'EL SALADO  (CUCUTA)', 832),
(149, 'ESPERANZA MARTINEZ  (CUCUTA)', 832),
(150, 'GARCIA HERREROS I Y II  (CUCUTA)', 832),
(151, 'LA CONCORDIA  (CUCUTA)', 832),
(152, 'LA INSULA  (CUCUTA)', 832),
(153, 'LIMONAR DEL NORTE  (CUCUTA)', 832),
(154, 'LOS LAURELES  (CUCUTA)', 832),
(155, 'MARIA AUXILIADORA  (CUCUTA)', 832),
(156, 'MARIA PAZ  (CUCUTA)', 832),
(157, 'MOLINOS DEL NORTE  (CUCUTA)', 832),
(158, 'NUEVA COLOMBIA   (CUCUTA)', 832),
(159, 'OLGA TERESA  (CUCUTA)', 832),
(160, 'PANAMERICANO  (CUCUTA)', 832),
(161, 'PORVENIR  (CUCUTA)', 832),
(162, 'RAFAEL NUÑEZ  (CUCUTA)', 832),
(163, 'SAN GERARDO  (CUCUTA)', 832),
(164, 'SIMON BOLIVAR I  (CUCUTA)', 832),
(165, 'TOLEDO PLATA  (CUCUTA)', 832),
(166, 'TRIGAL DEL NORTE  (CUCUTA)', 832),
(167, 'URBANIZACION LAS AMERICAS  (CUCUTA)', 832),
(168, 'VILLA JULIANA  (CUCUTA)', 832),
(169, 'VILLA NUEVA  (CUCUTA)', 832),
(170, 'VILLAS DEL TEJAR  (CUCUTA)', 832),
(171, 'VIRGILIO BARCO  (CUCUTA)', 832),
(172, 'BUENOS AIRES  (CUCUTA)', 832),
(173, 'CHAPINERO  (CUCUTA)', 832),
(174, 'CLARET  (CUCUTA)', 832),
(175, 'COLOMBIA I Y II  (CUCUTA)', 832),
(176, 'COMUNEROS  (CUCUTA)', 832),
(177, 'EL PARAISO  (CUCUTA)', 832),
(178, 'EL ROSAL DEL NORTE  (CUCUTA)', 832),
(179, 'LA HERMITA  (CUCUTA)', 832),
(180, 'LA LAGUNA  (CUCUTA)', 832),
(181, 'LAS AMERICAS  (CUCUTA)', 832),
(182, 'MOTILONES  (CUCUTA)', 832),
(183, 'OSPINA PEREZ  (CUCUTA)', 832),
(184, 'TUCUNARE  (CUCUTA)', 832),
(185, '6 DE ENERO  (CUCUTA)', 832),
(186, '7 DE AGOSTO  (CUCUTA)', 832),
(187, 'ANTONIA SANTOS  (CUCUTA)', 832),
(188, 'ATALAYA  (CUCUTA)', 832),
(189, 'ATALAYA I, II Y III ETAPA  (CUCUTA)', 832),
(190, 'BELISARIO  (CUCUTA)', 832),
(191, 'CARLOS RAMIREZ PARIS  (CUCUTA)', 832),
(192, 'CERRO PICO  (CUCUTA)', 832),
(193, 'CUCUTA 75  (CUCUTA)', 832),
(194, 'DOÑA NIDIA  (CUCUTA)', 832),
(195, 'EL DESIERTO  (CUCUTA)', 832),
(196, 'EL MINUTO DE DIOS  (CUCUTA)', 832),
(197, 'EL PROGRESO (CUCUTA)', 832),
(198, 'EL RODEO  (CUCUTA)', 832),
(199, 'JUAN RANGEL  (CUCUTA)', 832),
(200, 'LA VICTORIA  (CUCUTA)', 832),
(201, 'LOS ALMENDROS  (CUCUTA)', 832),
(202, 'LOS OLIVOS  (CUCUTA)', 832),
(203, 'NIÑA CECI  (CUCUTA)', 832),
(204, 'NUEVO HORIZONTE  (CUCUTA)', 832),
(205, 'PALMERAS  (CUCUTA)', 832),
(206, 'VALLES DEL RODEO  (CUCUTA)', 832),
(207, '28 DE FEBRERO  (CUCUTA)', 832),
(208, 'AISLANDIA  (CUCUTA)', 832),
(209, 'ARNULFO BRICEÑO  (CUCUTA)', 832),
(210, 'BARRIO NUEVO  (CUCUTA)', 832),
(211, 'BELEN  (CUCUTA)', 832),
(212, 'BELEN DE UMBRIA  (CUCUTA)', 832),
(213, 'CARORA  (CUCUTA)', 832),
(214, 'CUNDINAMARCA  (CUCUTA)', 832),
(215, 'DIVINA PASTORA  (CUCUTA)', 832),
(216, 'EL REPOSO  (CUCUTA)', 832),
(217, 'FATIMA (CUCUTA)', 832),
(218, 'LAS COLINAS  (CUCUTA)', 832),
(219, 'LOMA DE BOLIVAR  (CUCUTA)', 832),
(220, 'LOS ALPES  (CUCUTA)', 832),
(221, 'PUEBLO NUEVO (CUCUTA)', 832),
(222, 'RUDESINDO SOTO  (CUCUTA)', 832),
(223, 'SAN MIGUEL (CUCUTA)', 832),
(224, 'ALFONSO LOPEZ (CUCUTA)', 832),
(225, 'CAMILO TORRES  (CUCUTA)', 832),
(226, 'CIRCUNVALACION  (CUCUTA)', 832),
(227, 'CUBEROS NIÑO  (CUCUTA)', 832),
(228, 'EL RESUMEN  (CUCUTA)', 832),
(229, 'GAITAN  (CUCUTA)', 832),
(230, 'GALAN  (CUCUTA)', 832),
(231, 'LA AURORA  (CUCUTA)', 832),
(232, 'LA CABRERA  (CUCUTA)', 832),
(233, 'LAS MALVINAS  (CUCUTA)', 832),
(234, 'MAGDALENA  (CUCUTA)', 832),
(235, 'PUENTE BARCO  (CUCUTA)', 832),
(236, 'SAN RAFAEL  (CUCUTA)', 832),
(237, 'SANTANDER (CUCUTA)', 832),
(238, 'SANTO DOMINGO  (CUCUTA)', 832),
(239, 'URBANIZACION JUANA PAULA (LOS PATIOS)', 853),
(240, 'URBANIZACION BELLA VISTA (LOS PATIOS)', 853),
(241, 'URBANIZACION SANTA CLARA (LOS PATIOS)', 853),
(242, 'URBANIZACION LA ARBOLEDA (LOS PATIOS)', 853),
(243, 'URBANIZACION VIDELSO (LOS PATIOS)', 853),
(244, 'URB. MIRADORES DE PAMPLONITA (LOS PATIOS)', 853),
(245, 'URB. EL PORTAL DE LOS PATIOS (LOS PATIOS)', 853),
(246, 'URBANIZACION SAN FERNANDO (LOS PATIOS)', 853),
(247, 'URBANIZACION PENSILVANIA (LOS PATIOS)', 853),
(248, 'URBANIZACION MONTEBELLO I (LOS PATIOS)', 853),
(249, 'URBANIZACION MONTEBELLO II (LOS PATIOS)', 853),
(250, 'URBANIZACION BETANIA (LOS PATIOS)', 853),
(251, 'URB. BRISAS DEL LLANO (LOS PATIOS)', 853),
(252, 'URB. VALLES DEL MIRADOR (LOS PATIOS)', 853),
(253, 'URBANIZACION VILLA ESPERANZA (LOS PATIOS)', 853),
(254, 'URBANIZACION SANTA ANA (LOS PATIOS)', 853),
(255, 'URBANIZACION VILLA CELINA (LOS PATIOS)', 853),
(256, 'URBANIZACION DANIEL JORDAN (LOS PATIOS)', 853),
(257, 'URBANIZACION LLANO GRANDE (LOS PATIOS)', 853),
(258, 'BARRIO TIERRA LINDA (LOS PATIOS)', 853),
(259, 'BARRIO LOS COLORADOS (LOS PATIOS)', 853),
(260, 'BARRIO PATIO ANTIGUO (LOS PATIOS)', 853),
(261, 'BARRIO KILOMETRO OCHO (LOS PATIOS)', 853),
(262, 'BARRIO PISARREAL (LOS PATIOS)', 853),
(263, 'BARRIO ALTAMIRA (LOS PATIOS)', 853),
(264, 'BARRIO LLANITOS (LOS PATIOS)', 853),
(265, 'BARRIO KILOMETRO NUEVE (LOS PATIOS)', 853),
(266, 'BARRIO EL MIRADOR (LOS PATIOS)', 853),
(267, 'BARRIO LA ESPERANZA (LOS PATIOS)', 853),
(268, 'BARRIO EL SOL (LOS PATIOS)', 853),
(269, 'BARRIO LAS CUMBRES (LOS PATIOS)', 853),
(270, 'BARRIO SAN FRANCISCO DE AS', 853),
(271, 'BARRIO ONCE DE NOVIEMBRE (LOS PATIOS)', 853),
(272, 'BARRIO TASAJERO (LOS PATIOS)', 853),
(273, 'BARRIO BONITO (LOS PATIOS)', 853),
(274, 'BARRIO CHAPARRAL (LOS PATIOS)', 853),
(275, 'BARRIO SANTA ROSA DE LIMA (LOS PATIOS)', 853),
(276, 'BARRIO LA CORDIALIDAD (LOS PATIOS)', 853),
(277, 'BARRIO JUANA PAULA (LOS PATIOS)', 853),
(278, 'BARRIO DOCE DE OCTUBRE (LOS PATIOS)', 853),
(279, 'BARRIO LA SABANA (LOS PATIOS)', 853),
(280, 'BARRIO PATIOS CENTRO (LOS PATIOS)', 853),
(281, 'SECTOR SAN CARLOS (LOS PATIOS)', 853),
(282, 'VEREDA EL SUSPIRO - AGUALINDA (LOS PATIOS)', 853),
(283, 'VEREDA LOS VADOS (LOS PATIOS)', 853),
(284, 'VEREDA TRAPICHE (LOS PATIOS)', 853),
(285, 'VEREDA COROZAL (LOS PATIOS)', 853),
(286, 'VEREDA LOS COLCHONES (LOS PATIOS)', 853),
(287, 'VEREDA  HELECHAL BAJO (LOS PATIOS)', 853),
(288, 'VEREDA HELECHAL ALTO (LOS PATIOS)', 853),
(289, 'VEREDA LA MUTIS (LOS PATIOS)', 853),
(290, 'VEREDA VEINTE DE JULIO (LOS PATIOS)', 853),
(291, 'VEREDA VILLAS DEL COROZAL (LOS PATIOS)', 853),
(292, 'CORREGIMIENTO LA GARITA (LOS PATIOS)', 853),
(293, 'AGRUPACION AGRICOLA CALIFORNIA (LOS PATIOS)', 853),
(294, 'URBANIZACION  VILLA    MALLERLI (LOS PATIOS)', 853),
(295, 'URB. VILLA VERDE (LOS PATIOS)', 853),
(296, 'URB.  LA CAMPIÑA (LOS PATIOS)', 853),
(297, 'BARRIO PINAR DEL RIO (LOS PATIOS)', 853),
(298, '19 DE OCTUBRE (VILLA DEL ROSARIO)', 871),
(299, '20 DE JULIO (VILLA DEL ROSARIO)', 871),
(300, 'ALTOS DEL ROSARIO (VILLA DEL ROSARIO)', 871),
(301, 'ALTOS DEL TAMARINDO (VILLA DEL ROSARIO)', 871),
(302, 'ANTONIO NARIÑO (VILLA DEL ROSARIO)', 871),
(303, 'BELLAVISTA (VILLA DEL ROSARIO)', 871),
(304, 'CAMPO VERDE (VILLA DEL ROSARIO)', 871),
(305, 'CENTRO (VILLA DEL ROSARIO)', 871),
(306, 'COLINAS DE VISTA HERMOSA (VILLA DEL ROSARIO)', 871),
(307, 'CONJUNTO LA PALMITA (VILLA DEL ROSARIO)', 871),
(308, 'EL CENTRO (VILLA DEL ROSARIO)', 871),
(309, 'EL CUJI (VILLA DEL ROSARIO)', 871),
(310, 'EL NISPERAL (VILLA DEL ROSARIO)', 871),
(311, 'EL PALMAR (VILLA DEL ROSARIO)', 871),
(312, 'EL PARAMO (VILLA DEL ROSARIO)', 871),
(313, 'EL PARQUE (VILLA DEL ROSARIO)', 871),
(314, 'EL PORTAL (VILLA DEL ROSARIO)', 871),
(315, 'EL PORTAL DE LOS ALCAZERES (VILLA DEL ROSARIO)', 871),
(316, 'EL PROGRESO (VILLA DEL ROSARIO)', 871),
(317, 'EL TAMARINDO (VILLA DEL ROSARIO)', 871),
(318, 'EL VIÑEDO (VILLA DEL ROSARIO)', 871),
(319, 'FATIMA (VILLA DEL ROSARIO)', 871),
(320, 'GRAMALOTE (VILLA DEL ROSARIO)', 871),
(321, 'GRAN COLOMBIA (VILLA DEL ROSARIO)', 871),
(322, 'LA ESPERANZA (VILLA DEL ROSARIO)', 871),
(323, 'LA PALMITA (VILLA DEL ROSARIO)', 871),
(324, 'LA PARADA (VILLA DEL ROSARIO)', 871),
(325, 'LA PRADERA (VILLA DEL ROSARIO)', 871),
(326, 'LAS PALMAS (VILLA DEL ROSARIO)', 871),
(327, 'LOMA HERMOSA (VILLA DEL ROSARIO)', 871),
(328, 'LOMITA NUEVA (VILLA DEL ROSARIO)', 871),
(329, 'LOMITAS (VILLA DEL ROSARIO)', 871),
(330, 'LOMITAS DEL TRAPICHE (VILLA DEL ROSARIO)', 871),
(331, 'LOS TRAPICHES (VILLA DEL ROSARIO)', 871),
(332, 'MARGARITAS DE SANTA ANA (VILLA DEL ROSARIO)', 871),
(333, 'MONACO (VILLA DEL ROSARIO)', 871),
(334, 'MONTEVIDEO I (VILLA DEL ROSARIO)', 871),
(335, 'MONTEVIDEO II (VILLA DEL ROSARIO)', 871),
(336, 'NAVARRO WOLF (VILLA DEL ROSARIO)', 871),
(337, 'PIE DE CUESTA (VILLA DEL ROSARIO)', 871),
(338, 'PRIMERO DE MAYO (VILLA DEL ROSARIO)', 871),
(339, 'PUEBLITO ESPAÑOL (VILLA DEL ROSARIO)', 871),
(340, 'QUINTAS DEL TAMARINDO (VILLA DEL ROSARIO)', 871),
(341, 'SAMANES DE LA ALQUERIA (VILLA DEL ROSARIO)', 871),
(342, 'SAMANES DE LOS TRAPICHES (VILLA DEL ROSARIO)', 871),
(343, 'SAN GREGORIO (VILLA DEL ROSARIO)', 871),
(344, 'SAN JOSE (VILLA DEL ROSARIO)', 871),
(345, 'SAN JUDAS TADEO (VILLA DEL ROSARIO)', 871),
(346, 'SAN MARTIN (VILLA DEL ROSARIO)', 871),
(347, 'SAN PEDRO (VILLA DEL ROSARIO)', 871),
(348, 'SANTA MARIA DEL ROSARIO (VILLA DEL ROSARIO)', 871),
(349, 'SANTA MONICA (VILLA DEL ROSARIO)', 871),
(350, 'SANTANDER (VILLA DEL ROSARIO)', 871),
(351, 'SENDEROS DE PAZ (VILLA DEL ROSARIO)', 871),
(352, 'TAMACOA (VILLA DEL ROSARIO)', 871),
(353, 'TAMARINDO CLUB (VILLA DEL ROSARIO)', 871),
(354, 'TURBAY AYALA (VILLA DEL ROSARIO)', 871),
(355, 'VILLA ANTIGUA (VILLA DEL ROSARIO)', 871),
(356, 'VILLA EULINA (VILLA DEL ROSARIO)', 871),
(357, 'VILLA GRACIELA (VILLA DEL ROSARIO)', 871),
(358, 'VILLA LINA (VILLA DEL ROSARIO)', 871),
(359, 'VILLA MABELSA (VILLA DEL ROSARIO)', 871),
(360, 'VILLAS DE SANTA ANA (VILLA DEL ROSARIO)', 871),
(361, 'VILLAS DE SANTANDER (VILLA DEL ROSARIO)', 871),
(362, 'VILLAS DE SEVILLA (VILLA DEL ROSARIO)', 871),
(363, 'JUAN FRIO (VILLA DEL ROSARIO)', 871),
(364, 'LA UCHEMA (VILLA DEL ROSARIO)', 871),
(365, 'PALO GORDO (VILLA DEL ROSARIO)', 871),
(366, 'LUIS CARLOS GALAN (VILLA DEL ROSARIO)', 871),
(367, 'PERACAL (VILLA DEL ROSARIO)', 871),
(368, 'TRINCHERA (VILLA DEL ROSARIO)', 871),
(369, 'ALFONSO LOPEZ (EL ZULIA)', 846),
(370, 'ALTOS DE SAN ANTONIO (EL ZULIA)', 846),
(371, 'ASUAVIZ I ETAPA (EL ZULIA)', 846),
(372, 'COLINAS DE EL ZULIA (EL ZULIA)', 846),
(373, 'EL CENTRO (EL ZULIA)', 846),
(374, 'EL TRIUNFO (EL ZULIA)', 846),
(375, 'FRANCISCO DE PAULA SANTANDER (EL ZULIA)', 846),
(376, 'JUAN PABLO II (EL ZULIA)', 846),
(377, 'JUAN PABLO II ETAPA 2 (EL ZULIA)', 846),
(378, 'LA ALEJANDRA (EL ZULIA)', 846),
(379, 'LA AYALA (EL ZULIA)', 846),
(380, 'LA MILAGROSA (EL ZULIA)', 846),
(381, 'NUEVA COLOMBIA (EL ZULIA)', 846),
(382, 'PUEBLO NUEVO (EL ZULIA)', 846),
(383, 'VISTA HERMOSA (EL ZULIA)', 846),
(384, 'ASTILLEROS (EL ZULIA)', 846),
(385, 'BORRIQUEROS (EL ZULIA)', 846),
(386, 'CAMILANDIA (EL ZULIA)', 846),
(387, 'CAMPO ALICIA (EL ZULIA)', 846),
(388, 'CAÑAHUATE (EL ZULIA)', 846),
(389, 'CERRO GONZALEZ (EL ZULIA)', 846),
(390, 'CERRO GUAYABO (EL ZULIA)', 846),
(391, 'CERRO LEON (EL ZULIA)', 846),
(392, 'EL ALBARICO (EL ZULIA)', 846),
(393, 'EL MESTIZO (EL ZULIA)', 846),
(394, 'EL PORVENIR (EL ZULIA)', 846),
(395, 'EL SALTO (EL ZULIA)', 846),
(396, 'ENCERRADEROS (EL ZULIA)', 846),
(397, 'GRATAMIRA (EL ZULIA)', 846),
(398, 'GUAMITO (EL ZULIA)', 846),
(399, 'LA COLORADA (EL ZULIA)', 846),
(400, 'LA RAMPACHALA (EL ZULIA)', 846),
(401, 'LAS PIEDRAS (EL ZULIA)', 846),
(402, 'NUEVA ESPERANZA (EL ZULIA)', 846),
(403, 'PAN DE AZUCAR (EL ZULIA)', 846),
(404, 'PRIMERO DE MAYO (EL ZULIA)', 846),
(405, 'RANCHO GRANDE (EL ZULIA)', 846),
(406, 'SAN MIGUEL (EL ZULIA)', 846),
(407, 'SANTA ROSA (EL ZULIA)', 846),
(408, 'VEINTE DE JULIO (EL ZULIA)', 846),
(409, 'BARRIO 5 DE JULIO (SAN ANTONIO DEL TACHIRA)', 1357),
(410, 'BARRIO ANTONIO JOSE DE SUCRE (SAN ANTONIO DEL TACHIRA)', 1357),
(411, 'BARRIO CRISTO REY (SAN ANTONIO DEL TACHIRA)', 1357),
(412, 'BARRIO CURAZAO (SAN ANTONIO DEL TACHIRA)', 1357),
(413, 'BARRIO LA LIBERTAD (SAN ANTONIO DEL TACHIRA)', 1357),
(414, 'BARRIO LA POPA (SAN ANTONIO DEL TACHIRA)', 1357),
(415, 'BARRIO LA POPITA (SAN ANTONIO DEL TACHIRA)', 1357),
(416, 'BARRIO RUIZ PINEDA (SAN ANTONIO DEL TACHIRA)', 1357),
(417, 'BRISAS DEL TACHIRA (SAN ANTONIO DEL TACHIRA)', 1357),
(418, 'CASERIO PERACAL (SAN ANTONIO DEL TACHIRA)', 1357),
(419, 'CASERIO SABANA POTRERA (SAN ANTONIO DEL TACHIRA)', 1357),
(420, 'SECTOR CAYETANO REDONDO (SAN ANTONIO DEL TACHIRA)', 1357),
(421, 'SECTOR COLINAS DE LA FRONTERA (SAN ANTONIO DEL TACHIRA)', 1357),
(422, 'SECTOR EL SALADITO (SAN ANTONIO DEL TACHIRA)', 1357),
(423, 'SECTOR LAGUNITAS (SAN ANTONIO DEL TACHIRA)', 1357),
(424, 'SECTOR LAS ADJUNTAS (SAN ANTONIO DEL TACHIRA)', 1357),
(425, 'SECTOR LLANO DE JORGE (SAN ANTONIO DEL TACHIRA)', 1357),
(426, 'SECTOR MAPICHE (SAN ANTONIO DEL TACHIRA)', 1357),
(427, 'SECTOR MIRANDA (SAN ANTONIO DEL TACHIRA)', 1357),
(428, 'SECTOR OCUMARE (SAN ANTONIO DEL TACHIRA)', 1357),
(429, 'SECTOR PEDRO RAFAEL PAEZ (SAN ANTONIO DEL TACHIRA)', 1357),
(430, 'SECTOR PICO VERDE (SAN ANTONIO DEL TACHIRA)', 1357),
(431, 'SECTOR PINTO SALINAS (SAN ANTONIO DEL TACHIRA)', 1357),
(432, 'SECTOR PUEBLO NUEVO (SAN ANTONIO DEL TACHIRA)', 1357),
(433, 'SECTOR RAFAEL URDANETA (SAN ANTONIO DEL TACHIRA)', 1357),
(434, 'SECTOR SAN ANTONIO DE TÀCHIRA (SAN ANTONIO DEL TACHIRA)', 1357),
(435, 'SECTOR SANCHEZ DE OSORIO (SAN ANTONIO DEL TACHIRA)', 1357),
(436, 'SECTOR SIMON BOLIVAR (SAN ANTONIO DEL TACHIRA)', 1357),
(437, 'SECTOR TEO CAMARGO (SAN ANTONIO DEL TACHIRA)', 1357),
(438, 'SECTOR VILLA BOLIVAR (SAN ANTONIO DEL TACHIRA)', 1357),
(439, 'TERREZAS DE SANTA MARGARITA (SAN ANTONIO DEL TACHIRA)', 1357),
(440, 'URBANIZACION ANDRES BELLO (SAN ANTONIO DEL TACHIRA)', 1357),
(441, 'URBANIZACION CAPREMCO (SAN ANTONIO DEL TACHIRA)', 1357),
(442, 'URBANIZACION GARROCHAL (SAN ANTONIO DEL TACHIRA)', 1357),
(443, 'URBANIZACION LA TRINIDAD (SAN ANTONIO DEL TACHIRA)', 1357),
(444, 'URBANIZACION LIBERTADORES DE AMERICA (SAN ANTONIO DEL TACHIRA)', 1357),
(445, 'VILLA BOLIVARIANA (SAN ANTONIO DEL TACHIRA)', 1357),
(446, 'SECTOR 13 DE ABRIL (UREÑA)', 1374),
(447, 'SECTOR DON PEPE (UREÑA)', 1374),
(448, 'SECTOR EL CANAL (UREÑA)', 1374),
(449, 'SECTOR EL CERRITO (UREÑA)', 1374),
(450, 'SECTOR EL PALOTAL (UREÑA)', 1374),
(451, 'SECTOR EL PARAÍSO (UREÑA)', 1374),
(452, 'SECTOR FAC (UREÑA)', 1374),
(453, 'SECTOR HACIENDA MOYANO (UREÑA)', 1374),
(454, 'SECTOR HUGO RAFAEL CHÁVEZ (UREÑA)', 1374),
(455, 'SECTOR LA MORADA (UREÑA)', 1374),
(456, 'SECTOR LAGUNA BRAVA (UREÑA)', 1374),
(457, 'SECTOR LAS GUINEAS (UREÑA)', 1374),
(458, 'SECTOR LAS TIENDITAS (UREÑA)', 1374),
(459, 'SECTOR LOS BLOQUES (UREÑA)', 1374),
(460, 'SECTOR LOS GARCÍAS (UREÑA)', 1374),
(461, 'SECTOR LOS TANQUES (UREÑA)', 1374),
(462, 'SECTOR LOS TIGRILLOS (UREÑA)', 1374),
(463, 'SECTOR MOYANO (UREÑA)', 1374),
(464, 'SECTOR NICOTINA (UREÑA)', 1374),
(465, 'SECTOR PALMARITO (UREÑA)', 1374),
(466, 'SECTOR RAFAEL VALERO (UREÑA)', 1374),
(467, 'SECTOR RUIZ PINEDA (UREÑA)', 1374),
(468, 'SECTOR SIMÓN BOLÍVAR (UREÑA)', 1374),
(469, 'SECTOR SOLER (UREÑA)', 1374),
(470, 'SECTOR VILLAS (UREÑA)', 1374),
(471, 'URBANIZACIÓN 05 DE JULIO (UREÑA)', 1374),
(472, 'URBANIZACIÓN ALTAMIRA (UREÑA)', 1374),
(473, 'URBANIZACIÓN ANDRÉS ELOY BLANCO (UREÑA)', 1374),
(474, 'URBANIZACIÓN ANTONIO JOSÉ DE SUCRE (UREÑA)', 1374),
(475, 'URBANIZACIÓN DANIEL CARIAS (UREÑA)', 1374),
(476, 'URBANIZACIÓN LA INTEGRACIÓN ALTA (UREÑA)', 1374),
(477, 'URBANIZACIÓN LA INTEGRACIÓN BAJA (UREÑA)', 1374),
(478, 'URBANIZACIÓN LA INTEGRACIÓN I (UREÑA)', 1374),
(479, 'URBANIZACIÓN LA INTEGRACIÓN II (UREÑA)', 1374),
(480, 'URBANIZACIÓN LA INTEGRACIÓN III (UREÑA)', 1374),
(481, 'URBANIZACIÓN LA INTEGRACIÓN IV (UREÑA)', 1374),
(482, 'URBANIZACIÓN LA INTEGRACIÓN V (UREÑA)', 1374),
(483, 'URBANIZACIÓN LA INTEGRACIÓN VII (UREÑA)', 1374),
(484, 'URBANIZACIÓN LAS VILLAS (UREÑA)', 1374),
(485, 'URBANIZACIÓN LOS TERMOS (UREÑA)', 1374),
(486, 'URBANIZACIÓN RÓMULO GALLEGOS (UREÑA)', 1374),
(487, 'URBANIZACIÓN SIMÓN BOLÍVAR (UREÑA)', 1374),
(488, 'VEREDA EL CASTILLO (UREÑA)', 1374),
(489, 'ZONA FRANCA (UREÑA)', 1374),
(490, 'ZONA INDUSTRIAL COMIDACA (UREÑA)', 1374),
(491, 'ZONA INDUSTRIAL UREÑA (UREÑA)', 1374),
(492, 'OFICINA POSTAL TELEGRÁFICA UREÑA (UREÑA)', 1374),
(493, 'ALDEA ANDRÉS ARELLANO (UREÑA)', 1374),
(494, 'ALDEA CERRITO (UREÑA)', 1374),
(495, 'ALDEA EL PALMAR (UREÑA)', 1374),
(496, 'ALDEA EL TABLÓN (UREÑA)', 1374),
(497, 'ALDEA LA AGUADA (UREÑA)', 1374),
(498, 'ALDEA LA GUINCAS (UREÑA)', 1374),
(499, 'ALDEA LA LAJITA (UREÑA)', 1374),
(500, 'ALDEA LA MULATA (UREÑA)', 1374),
(501, 'ALDEA LA PEDREGOSA (UREÑA)', 1374),
(502, 'ALDEA LA TEURA (UREÑA)', 1374),
(503, 'ALDEA LAS CUMBRES (UREÑA)', 1374),
(504, 'ALDEA LOS CONUCOS (UREÑA)', 1374),
(505, 'ALDEA PALMA REDONDA (UREÑA)', 1374),
(506, 'ALDEA PALMARITO (UREÑA)', 1374),
(507, 'ALDEA POTRERITO (UREÑA)', 1374),
(508, 'ALDEA ROSA BLANCA (UREÑA)', 1374),
(509, 'ALDEA ZAMURITO (UREÑA)', 1374),
(510, 'ASENTAMIENTO CAMPESINO ANDRÉS ARELLANO (UREÑA)', 1374),
(511, 'BARRIO BONILLA (UREÑA)', 1374),
(512, 'BARRIO CAMILO TORRES (UREÑA)', 1374),
(513, 'BARRIO EL CEMENTERIO (UREÑA)', 1374),
(514, 'BARRIO EL CUJÍ (UREÑA)', 1374),
(515, 'BARRIO EMILIO CONSTANTINO GUTIÉRREZ (UREÑA)', 1374),
(516, 'BARRIO JORGE NARCISO MOROS (UREÑA)', 1374),
(517, 'BARRIO JOSÉ ANTONIO PÁEZ (UREÑA)', 1374),
(518, 'BARRIO JOSÉ FÉLIX RIVAS (UREÑA)', 1374),
(519, 'BARRIO JUAN DE DIOS MUÑOZ (UREÑA)', 1374),
(520, 'BARRIO LA FLORES (UREÑA)', 1374),
(521, 'BARRIO LA GUAJIRA (UREÑA)', 1374),
(522, 'BARRIO LA NUEVA ESPERANZA (UREÑA)', 1374),
(523, 'BARRIO LAS BRISAS (UREÑA)', 1374),
(524, 'BARRIO LAS MALVINAS (UREÑA)', 1374),
(525, 'BARRIO LOS PARCELEROS (UREÑA)', 1374),
(526, 'BARRIO PLAZA VIEJA (UREÑA)', 1374),
(527, 'BARRIO RAFAEL OBRERO (UREÑA)', 1374),
(528, 'BARRIO RÓMULO BETANCOURT (UREÑA)', 1374),
(529, 'BARRIO SABANA SECA (UREÑA)', 1374),
(530, 'BARRIO SAN ISIDRO (UREÑA)', 1374),
(531, 'BARRIO TIENDITA I (UREÑA)', 1374),
(532, 'BARRIO TIENDITA II (UREÑA)', 1374),
(533, 'BARRIO TIENDITA III (UREÑA)', 1374),
(534, 'CASERÍO LAS CUMBRES (UREÑA)', 1374),
(535, 'CENTRO UREÑA (UREÑA)', 1374),
(536, 'CONJUNTO RESIDENCIAL LOS BLOQUES (UREÑA)', 1374),
(537, 'HACIENDA EL POLLO (UREÑA)', 1374),
(538, 'HACIENDA LA GARCÍA (UREÑA)', 1374),
(539, 'HACIENDA LEÓN MENDOZA (UREÑA)', 1374),
(540, 'HACIENDA PITONAL (UREÑA)', 1374),
(541, 'COVIAGUARIN (SAN JUAN DE COLON)', 1411),
(542, 'ATALAYA  (ZULIA)', 1412),
(543, 'SAN NICOLAS 1  (PATIOS)', 1414),
(544, 'ANTONIO SANTOS  (TARRA)', 1415),
(545, 'URBANIZACIÓN DANIEL JORDAN  (PATIOS)', 1414),
(546, 'LOS ESTORAQUES  (CUCUTA)', 832),
(547, 'LOS CANARIOS  (CUCUTA)', 832),
(548, 'TALENTO  (CUCUTA)', 832),
(549, 'CONJUNTO LOMITA NUEVA  (VILLA DEL ROSARIO)', 871),
(550, 'TORCOROMA 3  (CUCUTA)', 832),
(551, 'ZULIMA  (CUCUTA)', 832),
(552, 'GOLORINAS  (CUCUTA)', 832),
(553, 'LA MESA DE LOS SANTOS  (LA MESA DE LOS SANTOS)', 1416),
(554, 'CENTRO (PATIOS)  (LOS PATIOS)', 853),
(555, 'CERRITO  (CUCUTA)', 832),
(556, 'PALMIRA PARTE ALTA  (ATALAYA)', 1417),
(557, 'DOÑA CECI  (CUCUTA)', 832),
(558, 'SANTA BARBARA  (VILLA DEL ROSARIO)', 871),
(559, 'TIBU  (TIBU)', 1418),
(560, 'URBANIZACION LIMONAR ALTO  (LOS PATIOS)', 853),
(561, 'BRISAS DEL PORVENIR  (CUCUTA)', 832),
(562, '12 DE OCTUBRE  (PATIOS)', 1414),
(563, 'NIDIA  (CUCUTA)', 832),
(564, 'MANUELA BELTRAN  (CUCUTA)', 832),
(565, 'SECTOR 6 DE ENERO  (CUCUTA)', 832),
(573, 'CORREGIMIENTO CORNEJO  (CUCUTA)', 832),
(580, 'PRUEBA  (CUCUTA)', 832),
(581, 'PIZARRA  (CUCUTA)', 832),
(582, 'LA CORDIALIDAD  (LOS PATIOS)', 853),
(583, 'CENTRO  (LOS PATIOS)', 853),
(584, 'SAN VICENTE DE CHUCURI  (SAN VICENTE DE CHUCURI)', 984),
(585, 'LA PASTORA  (CUCUTA)', 832),
(586, 'BRISAS DE LOS ANDES  (CUCUTA)', 832),
(587, 'PRADOS NORTE  (CUCUTA)', 832),
(588, 'CODAZIS  (CODAZIS)', 1419),
(589, 'ESCOBAL  (CUCUTA)', 832);

-- --------------------------------------------------------

--
-- Estructura de tabla para la tabla `ciudad`
--

CREATE TABLE `ciudad` (
  `idciudad` int(11) NOT NULL,
  `ciudad_descripcion` varchar(120) NOT NULL,
  `departamento_iddepartamento` int(11) NOT NULL
) ENGINE=InnoDB DEFAULT CHARSET=latin1;

--
-- Volcado de datos para la tabla `ciudad`
--

INSERT INTO `ciudad` (`idciudad`, `ciudad_descripcion`, `departamento_iddepartamento`) VALUES
(1, 'LETICIA', 1),
(2, 'EL ENCANTO', 1),
(3, 'LA CHORRERA', 1),
(4, 'LA PEDRERA', 1),
(5, 'LA VICTORIA', 1),
(6, 'MIRITI - PARANA', 1),
(7, 'PUERTO ALEGRIA', 1),
(8, 'PUERTO ARICA', 1),
(9, 'PUERTO NARIÑO', 1),
(10, 'PUERTO SANTANDER', 1),
(11, 'TARAPACA', 1),
(12, 'MEDELLIN', 2),
(13, 'ABEJORRAL', 2),
(14, 'ABRIAQUI', 2),
(15, 'ALEJANDRIA', 2),
(16, 'AMAGA', 2),
(17, 'AMALFI', 2),
(18, 'ANDES', 2),
(19, 'ANGELOPOLIS', 2),
(20, 'ANGOSTURA', 2),
(21, 'ANORI', 2),
(22, 'SANTA FE DE ANTIOQUIA', 2),
(23, 'ANZA', 2),
(24, 'APARTADO', 2),
(25, 'ARBOLETES', 2),
(26, 'ARGELIA', 2),
(27, 'ARMENIA', 2),
(28, 'BARBOSA', 2),
(29, 'BELMIRA', 2),
(30, 'BELLO', 2),
(31, 'BETANIA', 2),
(32, 'BETULIA', 2),
(33, 'CIUDAD BOLIVAR', 2),
(34, 'BRICE', 2),
(35, 'BURITICA', 2),
(36, 'CACERES', 2),
(37, 'CAICEDO', 2),
(38, 'CALDAS', 2),
(39, 'CAMPAMENTO', 2),
(40, 'CAÑASGORDAS', 2),
(41, 'CARACOLI', 2),
(42, 'CARAMANTA', 2),
(43, 'CAREPA', 2),
(44, 'EL CARMEN DE VIBORAL', 2),
(45, 'CAROLINA', 2),
(46, 'CAUCASIA', 2),
(47, 'CHIGORODO', 2),
(48, 'CISNEROS', 2),
(49, 'COCORNA', 2),
(50, 'CONCEPCION', 2),
(51, 'CONCORDIA', 2),
(52, 'COPACABANA', 2),
(53, 'DABEIBA', 2),
(54, 'DONMATIAS', 2),
(55, 'EBEJICO', 2),
(56, 'EL BAGRE', 2),
(57, 'ENTRERRIOS', 2),
(58, 'ENVIGADO', 2),
(59, 'FREDONIA', 2),
(60, 'FRONTINO', 2),
(61, 'GIRALDO', 2),
(62, 'GIRARDOTA', 2),
(63, 'GOMEZ PLATA', 2),
(64, 'GRANADA', 2),
(65, 'GUADALUPE', 2),
(66, 'GUARNE', 2),
(67, 'GUATAPE', 2),
(68, 'HELICONIA', 2),
(69, 'HISPANIA', 2),
(70, 'ITAG', 2),
(71, 'ITUANGO', 2),
(72, 'JARDIN', 2),
(73, 'JERICO', 2),
(74, 'LA CEJA', 2),
(75, 'LA ESTRELLA', 2),
(76, 'LA PINTADA', 2),
(77, 'LA UNION', 2),
(78, 'LIBORINA', 2),
(79, 'MACEO', 2),
(80, 'MARINILLA', 2),
(81, 'MONTEBELLO', 2),
(82, 'MURINDO', 2),
(83, 'MUTATA', 2),
(84, 'NARI', 2),
(85, 'NECOCLI', 2),
(86, 'NECHI', 2),
(87, 'OLAYA', 2),
(88, 'PE', 2),
(89, 'PEQUE', 2),
(90, 'PUEBLORRICO', 2),
(91, 'PUERTO BERRIO', 2),
(92, 'PUERTO NARE', 2),
(93, 'PUERTO TRIUNFO', 2),
(94, 'REMEDIOS', 2),
(95, 'RETIRO', 2),
(96, 'RIONEGRO', 2),
(97, 'SABANALARGA', 2),
(98, 'SABANETA', 2),
(99, 'SALGAR', 2),
(100, 'SAN ANDRES DE CUERQUIA', 2),
(101, 'SAN CARLOS', 2),
(102, 'SAN FRANCISCO', 2),
(103, 'SAN JERONIMO', 2),
(104, 'SAN JOSE DE LA MONTA', 2),
(105, 'SAN JUAN DE URABA', 2),
(106, 'SAN LUIS', 2),
(107, 'SAN PEDRO DE LOS MILAGROS', 2),
(108, 'SAN PEDRO DE URABA', 2),
(109, 'SAN RAFAEL', 2),
(110, 'SAN ROQUE', 2),
(111, 'SAN VICENTE FERRER', 2),
(112, 'SANTA BARBARA', 2),
(113, 'SANTA ROSA DE OSOS', 2),
(114, 'SANTO DOMINGO', 2),
(115, 'EL SANTUARIO', 2),
(116, 'SEGOVIA', 2),
(117, 'SONSON', 2),
(118, 'SOPETRAN', 2),
(119, 'TAMESIS', 2),
(120, 'TARAZA', 2),
(121, 'TARSO', 2),
(122, 'TITIRIBI', 2),
(123, 'TOLEDO', 2),
(124, 'TURBO', 2),
(125, 'URAMITA', 2),
(126, 'URRAO', 2),
(127, 'VALDIVIA', 2),
(128, 'VALPARAISO', 2),
(129, 'VEGACHI', 2),
(130, 'VENECIA', 2),
(131, 'VIGIA DEL FUERTE', 2),
(132, 'YALI', 2),
(133, 'YARUMAL', 2),
(134, 'YOLOMBO', 2),
(135, 'YONDO', 2),
(136, 'ZARAGOZA', 2),
(137, 'ARAUCA', 3),
(138, 'ARAUQUITA', 3),
(139, 'CRAVO NORTE', 3),
(140, 'FORTUL', 3),
(141, 'PUERTO RONDON', 3),
(142, 'SARAVENA', 3),
(143, 'TAME', 3),
(144, 'SAN ANDRES', 27),
(145, 'PROVIDENCIA', 27),
(146, 'BARRANQUILLA', 4),
(147, 'BARANOA', 4),
(148, 'CAMPO DE LA CRUZ', 4),
(149, 'CANDELARIA', 4),
(150, 'GALAPA', 4),
(151, 'JUAN DE ACOSTA', 4),
(152, 'LURUACO', 4),
(153, 'MALAMBO', 4),
(154, 'MANATI', 4),
(155, 'PALMAR DE VARELA', 4),
(156, 'PIOJO', 4),
(157, 'POLONUEVO', 4),
(158, 'PONEDERA', 4),
(159, 'PUERTO COLOMBIA', 4),
(160, 'REPELON', 4),
(161, 'SABANAGRANDE', 4),
(162, 'SABANALARGA', 4),
(163, 'SANTA LUCIA', 4),
(164, 'SANTO TOMAS', 4),
(165, 'SOLEDAD', 4),
(166, 'SUAN', 4),
(167, 'TUBARA', 4),
(168, 'USIACURI', 4),
(169, 'BOGOTA, D.C.', 5),
(170, 'CARTAGENA DE INDIAS', 6),
(171, 'ACHI', 6),
(172, 'ALTOS DEL ROSARIO', 6),
(173, 'ARENAL', 6),
(174, 'ARJONA', 6),
(175, 'ARROYOHONDO', 6),
(176, 'BARRANCO DE LOBA', 6),
(177, 'CALAMAR', 6),
(178, 'CANTAGALLO', 6),
(179, 'CICUCO', 6),
(180, 'CORDOBA', 6),
(181, 'CLEMENCIA', 6),
(182, 'EL CARMEN DE BOLIVAR', 6),
(183, 'EL GUAMO', 6),
(184, 'EL PE', 6),
(185, 'HATILLO DE LOBA', 6),
(186, 'MAGANGUE', 6),
(187, 'MAHATES', 6),
(188, 'MARGARITA', 6),
(189, 'MARIA LA BAJA', 6),
(190, 'MONTECRISTO', 6),
(191, 'MOMPOS', 6),
(192, 'MORALES', 6),
(193, 'NOROSI', 6),
(194, 'PINILLOS', 6),
(195, 'REGIDOR', 6),
(196, 'RIO VIEJO', 6),
(197, 'SAN CRISTOBAL', 6),
(198, 'SAN ESTANISLAO', 6),
(199, 'SAN FERNANDO', 6),
(200, 'SAN JACINTO', 6),
(201, 'SAN JACINTO DEL CAUCA', 6),
(202, 'SAN JUAN NEPOMUCENO', 6),
(203, 'SAN MARTIN DE LOBA', 6),
(204, 'SAN PABLO', 6),
(205, 'SANTA CATALINA', 6),
(206, 'SANTA ROSA', 6),
(207, 'SANTA ROSA DEL SUR', 6),
(208, 'SIMITI', 6),
(209, 'SOPLAVIENTO', 6),
(210, 'TALAIGUA NUEVO', 6),
(211, 'TIQUISIO', 6),
(212, 'TURBACO', 6),
(213, 'TURBANA', 6),
(214, 'VILLANUEVA', 6),
(215, 'ZAMBRANO', 6),
(216, 'TUNJA', 7),
(217, 'ALMEIDA', 7),
(218, 'AQUITANIA', 7),
(219, 'ARCABUCO', 7),
(220, 'BELEN', 7),
(221, 'BERBEO', 7),
(222, 'BETEITIVA', 7),
(223, 'BOAVITA', 7),
(224, 'BOYACA', 7),
(225, 'BRICE', 7),
(226, 'BUENAVISTA', 7),
(227, 'BUSBANZA', 7),
(228, 'CALDAS', 7),
(229, 'CAMPOHERMOSO', 7),
(230, 'CERINZA', 7),
(231, 'CHINAVITA', 7),
(232, 'CHIQUINQUIRA', 7),
(233, 'CHISCAS', 7),
(234, 'CHITA', 7),
(235, 'CHITARAQUE', 7),
(236, 'CHIVATA', 7),
(237, 'CIENEGA', 7),
(238, 'COMBITA', 7),
(239, 'COPER', 7),
(240, 'CORRALES', 7),
(241, 'COVARACHIA', 7),
(242, 'CUBARA', 7),
(243, 'CUCAITA', 7),
(244, 'CUITIVA', 7),
(245, 'CHIQUIZA', 7),
(246, 'CHIVOR', 7),
(247, 'DUITAMA', 7),
(248, 'EL COCUY', 7),
(249, 'EL ESPINO', 7),
(250, 'FIRAVITOBA', 7),
(251, 'FLORESTA', 7),
(252, 'GACHANTIVA', 7),
(253, 'GAMEZA', 7),
(254, 'GARAGOA', 7),
(255, 'GUACAMAYAS', 7),
(256, 'GUATEQUE', 7),
(257, 'GUAYATA', 7),
(258, 'G', 7),
(259, 'IZA', 7),
(260, 'JENESANO', 7),
(261, 'JERICO', 7),
(262, 'LABRANZAGRANDE', 7),
(263, 'LA CAPILLA', 7),
(264, 'LA VICTORIA', 7),
(265, 'LA UVITA', 7),
(266, 'VILLA DE LEYVA', 7),
(267, 'MACANAL', 7),
(268, 'MARIPI', 7),
(269, 'MIRAFLORES', 7),
(270, 'MONGUA', 7),
(271, 'MONGUI', 7),
(272, 'MONIQUIRA', 7),
(273, 'MOTAVITA', 7),
(274, 'MUZO', 7),
(275, 'NOBSA', 7),
(276, 'NUEVO COLON', 7),
(277, 'OICATA', 7),
(278, 'OTANCHE', 7),
(279, 'PACHAVITA', 7),
(280, 'PAEZ', 7),
(281, 'PAIPA', 7),
(282, 'PAJARITO', 7),
(283, 'PANQUEBA', 7),
(284, 'PAUNA', 7),
(285, 'PAYA', 7),
(286, 'PAZ DE RIO', 7),
(287, 'PESCA', 7),
(288, 'PISBA', 7),
(289, 'PUERTO BOYACA', 7),
(290, 'QUIPAMA', 7),
(291, 'RAMIRIQUI', 7),
(292, 'RAQUIRA', 7),
(293, 'RONDON', 7),
(294, 'SABOYA', 7),
(295, 'SACHICA', 7),
(296, 'SAMACA', 7),
(297, 'SAN EDUARDO', 7),
(298, 'SAN JOSE DE PARE', 7),
(299, 'SAN LUIS DE GACENO', 7),
(300, 'SAN MATEO', 7),
(301, 'SAN MIGUEL DE SEMA', 7),
(302, 'SAN PABLO DE BORBUR', 7),
(303, 'SANTANA', 7),
(304, 'SANTA MARIA', 7),
(305, 'SANTA ROSA DE VITERBO', 7),
(306, 'SANTA SOFIA', 7),
(307, 'SATIVANORTE', 7),
(308, 'SATIVASUR', 7),
(309, 'SIACHOQUE', 7),
(310, 'SOATA', 7),
(311, 'SOCOTA', 7),
(312, 'SOCHA', 7),
(313, 'SOGAMOSO', 7),
(314, 'SOMONDOCO', 7),
(315, 'SORA', 7),
(316, 'SOTAQUIRA', 7),
(317, 'SORACA', 7),
(318, 'SUSACON', 7),
(319, 'SUTAMARCHAN', 7),
(320, 'SUTATENZA', 7),
(321, 'TASCO', 7),
(322, 'TENZA', 7),
(323, 'TIBANA', 7),
(324, 'TIBASOSA', 7),
(325, 'TINJACA', 7),
(326, 'TIPACOQUE', 7),
(327, 'TOCA', 7),
(328, 'TOG', 7),
(329, 'TOPAGA', 7),
(330, 'TOTA', 7),
(331, 'TUNUNGUA', 7),
(332, 'TURMEQUE', 7),
(333, 'TUTA', 7),
(334, 'TUTAZA', 7),
(335, '', 7),
(336, 'VENTAQUEMADA', 7),
(337, 'VIRACACHA', 7),
(338, 'ZETAQUIRA', 7),
(339, 'MANIZALES', 8),
(340, 'AGUADAS', 8),
(341, 'ANSERMA', 8),
(342, 'ARANZAZU', 8),
(343, 'BELALCAZAR', 8),
(344, 'CHINCHINA', 8),
(345, 'FILADELFIA', 8),
(346, 'LA DORADA', 8),
(347, 'LA MERCED', 8),
(348, 'MANZANARES', 8),
(349, 'MARMATO', 8),
(350, 'MARQUETALIA', 8),
(351, 'MARULANDA', 8),
(352, 'NEIRA', 8),
(353, 'NORCASIA', 8),
(354, 'PACORA', 8),
(355, 'PALESTINA', 8),
(356, 'PENSILVANIA', 8),
(357, 'RIOSUCIO', 8),
(358, 'RISARALDA', 8),
(359, 'SALAMINA', 8),
(360, 'SAMANA', 8),
(361, 'SAN JOSE', 8),
(362, 'SUPIA', 8),
(363, 'VICTORIA', 8),
(364, 'VILLAMARIA', 8),
(365, 'VITERBO', 8),
(366, 'FLORENCIA', 9),
(367, 'ALBANIA', 9),
(368, 'BELEN DE LOS ANDAQUIES', 9),
(369, 'CARTAGENA DEL CHAIRA', 9),
(370, 'CURILLO', 9),
(371, 'EL DONCELLO', 9),
(372, 'EL PAUJIL', 9),
(373, 'LA MONTA', 9),
(374, 'MILAN', 9),
(375, 'MORELIA', 9),
(376, 'PUERTO RICO', 9),
(377, 'SAN JOSE DEL FRAGUA', 9),
(378, 'SAN VICENTE DEL CAGUAN', 9),
(379, 'SOLANO', 9),
(380, 'SOLITA', 9),
(381, 'VALPARAISO', 9),
(382, 'YOPAL', 10),
(383, 'AGUAZUL', 10),
(384, 'CHAMEZA', 10),
(385, 'HATO COROZAL', 10),
(386, 'LA SALINA', 10),
(387, 'MANI', 10),
(388, 'MONTERREY', 10),
(389, 'NUNCHIA', 10),
(390, 'OROCUE', 10),
(391, 'PAZ DE ARIPORO', 10),
(392, 'PORE', 10),
(393, 'RECETOR', 10),
(394, 'SABANALARGA', 10),
(395, 'SACAMA', 10),
(396, 'SAN LUIS DE PALENQUE', 10),
(397, 'TAMARA', 10),
(398, 'TAURAMENA', 10),
(399, 'TRINIDAD', 10),
(400, 'VILLANUEVA', 10),
(401, 'POPAYAN', 11),
(402, 'ALMAGUER', 11),
(403, 'ARGELIA', 11),
(404, 'BALBOA', 11),
(405, 'BOLIVAR', 11),
(406, 'BUENOS AIRES', 11),
(407, 'CAJIBIO', 11),
(408, 'CALDONO', 11),
(409, 'CALOTO', 11),
(410, 'CORINTO', 11),
(411, 'EL TAMBO', 11),
(412, 'FLORENCIA', 11),
(413, 'GUACHENE', 11),
(414, 'GUAPI', 11),
(415, 'INZA', 11),
(416, 'JAMBALO', 11),
(417, 'LA SIERRA', 11),
(418, 'LA VEGA', 11),
(419, 'LOPEZ DE MICAY', 11),
(420, 'MERCADERES', 11),
(421, 'MIRANDA', 11),
(422, 'MORALES', 11),
(423, 'PADILLA', 11),
(424, 'PAEZ', 11),
(425, 'PATIA', 11),
(426, 'PIAMONTE', 11),
(427, 'PIENDAMO - TUNIA', 11),
(428, 'PUERTO TEJADA', 11),
(429, 'PURACE', 11),
(430, 'ROSAS', 11),
(431, 'SAN SEBASTIAN', 11),
(432, 'SANTANDER DE QUILICHAO', 11),
(433, 'SANTA ROSA', 11),
(434, 'SILVIA', 11),
(435, 'SOTARA', 11),
(436, 'SUAREZ', 11),
(437, 'SUCRE', 11),
(438, 'TIMBIO', 11),
(439, 'TIMBIQUI', 11),
(440, 'TORIBIO', 11),
(441, 'TOTORO', 11),
(442, 'VILLA RICA', 11),
(443, 'VALLEDUPAR', 12),
(444, 'AGUACHICA', 12),
(445, 'AGUSTIN CODAZZI', 12),
(446, 'ASTREA', 12),
(447, 'BECERRIL', 12),
(448, 'BOSCONIA', 12),
(449, 'CHIMICHAGUA', 12),
(450, 'CHIRIGUANA', 12),
(451, 'CURUMANI', 12),
(452, 'EL COPEY', 12),
(453, 'EL PASO', 12),
(454, 'GAMARRA', 12),
(455, 'GONZALEZ', 12),
(456, 'LA GLORIA', 12),
(457, 'LA JAGUA DE IBIRICO', 12),
(458, 'MANAURE BALCON DEL CESAR', 12),
(459, 'PAILITAS', 12),
(460, 'PELAYA', 12),
(461, 'PUEBLO BELLO', 12),
(462, 'RIO DE ORO', 12),
(463, 'LA PAZ', 12),
(464, 'SAN ALBERTO', 12),
(465, 'SAN DIEGO', 12),
(466, 'SAN MARTIN', 12),
(467, 'TAMALAMEQUE', 12),
(468, 'QUIBDO', 13),
(469, 'ACANDI', 13),
(470, 'ALTO BAUDO', 13),
(471, 'ATRATO', 13),
(472, 'BAGADO', 13),
(473, 'BAHIA SOLANO', 13),
(474, 'BAJO BAUDO', 13),
(475, 'BOJAYA', 13),
(476, 'EL CANTON DEL SAN PABLO', 13),
(477, 'CARMEN DEL DARIEN', 13),
(478, 'CERTEGUI', 13),
(479, 'CONDOTO', 13),
(480, 'EL CARMEN DE ATRATO', 13),
(481, 'EL LITORAL DEL SAN JUAN', 13),
(482, 'ISTMINA', 13),
(483, 'JURADO', 13),
(484, 'LLORO', 13),
(485, 'MEDIO ATRATO', 13),
(486, 'MEDIO BAUDO', 13),
(487, 'MEDIO SAN JUAN', 13),
(488, 'NOVITA', 13),
(489, 'NUQUI', 13),
(490, 'RIO IRO', 13),
(491, 'RIO QUITO', 13),
(492, 'RIOSUCIO', 13),
(493, 'SAN JOSE DEL PALMAR', 13),
(494, 'SIPI', 13),
(495, 'TADO', 13),
(496, 'UNGUIA', 13),
(497, 'UNION PANAMERICANA', 13),
(498, 'MONTERIA', 14),
(499, 'AYAPEL', 14),
(500, 'BUENAVISTA', 14),
(501, 'CANALETE', 14),
(502, 'CERETE', 14),
(503, 'CHIMA', 14),
(504, 'CHIN', 14),
(505, 'CIENAGA DE ORO', 14),
(506, 'COTORRA', 14),
(507, 'LA APARTADA', 14),
(508, 'LORICA', 14),
(509, 'LOS CORDOBAS', 14),
(510, 'MOMIL', 14),
(511, 'MONTELIBANO', 14),
(512, 'MO', 14),
(513, 'PLANETA RICA', 14),
(514, 'PUEBLO NUEVO', 14),
(515, 'PUERTO ESCONDIDO', 14),
(516, 'PUERTO LIBERTADOR', 14),
(517, 'PURISIMA DE LA CONCEPCION', 14),
(518, 'SAHAG', 14),
(519, 'SAN ANDRES DE SOTAVENTO', 14),
(520, 'SAN ANTERO', 14),
(521, 'SAN BERNARDO DEL VIENTO', 14),
(522, 'SAN CARLOS', 14),
(523, 'SAN JOSE DE URE', 14),
(524, 'SAN PELAYO', 14),
(525, 'TIERRALTA', 14),
(526, 'TUCHIN', 14),
(527, 'VALENCIA', 14),
(528, 'AGUA DE DIOS', 15),
(529, 'ALBAN', 15),
(530, 'ANAPOIMA', 15),
(531, 'ANOLAIMA', 15),
(532, 'ARBELAEZ', 15),
(533, 'BELTRAN', 15),
(534, 'BITUIMA', 15),
(535, 'BOJACA', 15),
(536, 'CABRERA', 15),
(537, 'CACHIPAY', 15),
(538, 'CAJICA', 15),
(539, 'CAPARRAPI', 15),
(540, 'CAQUEZA', 15),
(541, 'CARMEN DE CARUPA', 15),
(542, 'CHAGUANI', 15),
(543, 'CHIA', 15),
(544, 'CHIPAQUE', 15),
(545, 'CHOACHI', 15),
(546, 'CHOCONTA', 15),
(547, 'COGUA', 15),
(548, 'COTA', 15),
(549, 'CUCUNUBA', 15),
(550, 'EL COLEGIO', 15),
(551, 'EL PE', 15),
(552, 'EL ROSAL', 15),
(553, 'FACATATIVA', 15),
(554, 'FOMEQUE', 15),
(555, 'FOSCA', 15),
(556, 'FUNZA', 15),
(557, 'F', 15),
(558, 'FUSAGASUGA', 15),
(559, 'GACHALA', 15),
(560, 'GACHANCIPA', 15),
(561, 'GACHETA', 15),
(562, 'GAMA', 15),
(563, 'GIRARDOT', 15),
(564, 'GRANADA', 15),
(565, 'GUACHETA', 15),
(566, 'GUADUAS', 15),
(567, 'GUASCA', 15),
(568, 'GUATAQUI', 15),
(569, 'GUATAVITA', 15),
(570, 'GUAYABAL DE SIQUIMA', 15),
(571, 'GUAYABETAL', 15),
(572, 'GUTIERREZ', 15),
(573, 'JERUSALEN', 15),
(574, 'JUNIN', 15),
(575, 'LA CALERA', 15),
(576, 'LA MESA', 15),
(577, 'LA PALMA', 15),
(578, 'LA PE', 15),
(579, 'LA VEGA', 15),
(580, 'LENGUAZAQUE', 15),
(581, 'MACHETA', 15),
(582, 'MADRID', 15),
(583, 'MANTA', 15),
(584, 'MEDINA', 15),
(585, 'MOSQUERA', 15),
(586, 'NARI', 15),
(587, 'NEMOCON', 15),
(588, 'NILO', 15),
(589, 'NIMAIMA', 15),
(590, 'NOCAIMA', 15),
(591, 'VENECIA', 15),
(592, 'PACHO', 15),
(593, 'PAIME', 15),
(594, 'PANDI', 15),
(595, 'PARATEBUENO', 15),
(596, 'PASCA', 15),
(597, 'PUERTO SALGAR', 15),
(598, 'PULI', 15),
(599, 'QUEBRADANEGRA', 15),
(600, 'QUETAME', 15),
(601, 'QUIPILE', 15),
(602, 'APULO', 15),
(603, 'RICAURTE', 15),
(604, 'SAN ANTONIO DEL TEQUENDAMA', 15),
(605, 'SAN BERNARDO', 15),
(606, 'SAN CAYETANO', 15),
(607, 'SAN FRANCISCO', 15),
(608, 'SAN JUAN DE RIOSECO', 15),
(609, 'SASAIMA', 15),
(610, 'SESQUILE', 15),
(611, 'SIBATE', 15),
(612, 'SILVANIA', 15),
(613, 'SIMIJACA', 15),
(614, 'SOACHA', 15),
(615, 'SOPO', 15),
(616, 'SUBACHOQUE', 15),
(617, 'SUESCA', 15),
(618, 'SUPATA', 15),
(619, 'SUSA', 15),
(620, 'SUTATAUSA', 15),
(621, 'TABIO', 15),
(622, 'TAUSA', 15),
(623, 'TENA', 15),
(624, 'TENJO', 15),
(625, 'TIBACUY', 15),
(626, 'TIBIRITA', 15),
(627, 'TOCAIMA', 15),
(628, 'TOCANCIPA', 15),
(629, 'TOPAIPI', 15),
(630, 'UBALA', 15),
(631, 'UBAQUE', 15),
(632, 'VILLA DE SAN DIEGO DE UBATE', 15),
(633, 'UNE', 15),
(634, 'UTICA', 15),
(635, 'VERGARA', 15),
(636, 'VIANI', 15),
(637, 'VILLAGOMEZ', 15),
(638, 'VILLAPINZON', 15),
(639, 'VILLETA', 15),
(640, 'VIOTA', 15),
(641, 'YACOPI', 15),
(642, 'ZIPACON', 15),
(643, 'ZIPAQUIRA', 15),
(644, 'INIRIDA', 16),
(645, 'BARRANCO MINAS', 16),
(646, 'MAPIRIPANA', 16),
(647, 'SAN FELIPE', 16),
(648, 'PUERTO COLOMBIA', 16),
(649, 'LA GUADALUPE', 16),
(650, 'CACAHUAL', 16),
(651, 'PANA PANA', 16),
(652, 'MORICHAL', 16),
(653, 'SAN JOSE DEL GUAVIARE', 17),
(654, 'CALAMAR', 17),
(655, 'EL RETORNO', 17),
(656, 'MIRAFLORES', 17),
(657, 'NEIVA', 18),
(658, 'ACEVEDO', 18),
(659, 'AGRADO', 18),
(660, 'AIPE', 18),
(661, 'ALGECIRAS', 18),
(662, 'ALTAMIRA', 18),
(663, 'BARAYA', 18),
(664, 'CAMPOALEGRE', 18),
(665, 'COLOMBIA', 18),
(666, 'ELIAS', 18),
(667, 'GARZON', 18),
(668, 'GIGANTE', 18),
(669, 'GUADALUPE', 18),
(670, 'HOBO', 18),
(671, 'IQUIRA', 18),
(672, 'ISNOS', 18),
(673, 'LA ARGENTINA', 18),
(674, 'LA PLATA', 18),
(675, 'NATAGA', 18),
(676, 'OPORAPA', 18),
(677, 'PAICOL', 18),
(678, 'PALERMO', 18),
(679, 'PALESTINA', 18),
(680, 'PITAL', 18),
(681, 'PITALITO', 18),
(682, 'RIVERA', 18),
(683, 'SALADOBLANCO', 18),
(684, 'SAN AGUSTIN', 18),
(685, 'SANTA MARIA', 18),
(686, 'SUAZA', 18),
(687, 'TARQUI', 18),
(688, 'TESALIA', 18),
(689, 'TELLO', 18),
(690, 'TERUEL', 18),
(691, 'TIMANA', 18),
(692, 'VILLAVIEJA', 18),
(693, 'YAGUARA', 18),
(694, 'RIOHACHA', 19),
(695, 'ALBANIA', 19),
(696, 'BARRANCAS', 19),
(697, 'DIBULLA', 19),
(698, 'DISTRACCION', 19),
(699, 'EL MOLINO', 19),
(700, 'FONSECA', 19),
(701, 'HATONUEVO', 19),
(702, 'LA JAGUA DEL PILAR', 19),
(703, 'MAICAO', 19),
(704, 'MANAURE', 19),
(705, 'SAN JUAN DEL CESAR', 19),
(706, 'URIBIA', 19),
(707, 'URUMITA', 19),
(708, 'VILLANUEVA', 19),
(709, 'SANTA MARTA', 20),
(710, 'ALGARROBO', 20),
(711, 'ARACATACA', 20),
(712, 'ARIGUANI', 20),
(713, 'CERRO DE SAN ANTONIO', 20),
(714, 'CHIVOLO', 20),
(715, 'CIENAGA', 20),
(716, 'CONCORDIA', 20),
(717, 'EL BANCO', 20),
(718, 'EL PI', 20),
(719, 'EL RETEN', 20),
(720, 'FUNDACION', 20),
(721, 'GUAMAL', 20),
(722, 'NUEVA GRANADA', 20),
(723, 'PEDRAZA', 20),
(724, 'PIJI', 20),
(725, 'PIVIJAY', 20),
(726, 'PLATO', 20),
(727, 'PUEBLOVIEJO', 20),
(728, 'REMOLINO', 20),
(729, 'SABANAS DE SAN ANGEL', 20),
(730, 'SALAMINA', 20),
(731, 'SAN SEBASTIAN DE BUENAVISTA', 20),
(732, 'SAN ZENON', 20),
(733, 'SANTA ANA', 20),
(734, 'SANTA BARBARA DE PINTO', 20),
(735, 'SITIONUEVO', 20),
(736, 'TENERIFE', 20),
(737, 'ZAPAYAN', 20),
(738, 'ZONA BANANERA', 20),
(739, 'VILLAVICENCIO', 21),
(740, 'ACACIAS', 21),
(741, 'BARRANCA DE UPIA', 21),
(742, 'CABUYARO', 21),
(743, 'CASTILLA LA NUEVA', 21),
(744, 'CUBARRAL', 21),
(745, 'CUMARAL', 21),
(746, 'EL CALVARIO', 21),
(747, 'EL CASTILLO', 21),
(748, 'EL DORADO', 21),
(749, 'FUENTE DE ORO', 21),
(750, 'GRANADA', 21),
(751, 'GUAMAL', 21),
(752, 'MAPIRIPAN', 21),
(753, 'MESETAS', 21),
(754, 'LA MACARENA', 21),
(755, 'URIBE', 21),
(756, 'LEJANIAS', 21),
(757, 'PUERTO CONCORDIA', 21),
(758, 'PUERTO GAITAN', 21),
(759, 'PUERTO LOPEZ', 21),
(760, 'PUERTO LLERAS', 21),
(761, 'PUERTO RICO', 21),
(762, 'RESTREPO', 21),
(763, 'SAN CARLOS DE GUAROA', 21),
(764, 'SAN JUAN DE ARAMA', 21),
(765, 'SAN JUANITO', 21),
(766, 'SAN MARTIN', 21),
(767, 'VISTAHERMOSA', 21),
(768, 'PASTO', 22),
(769, 'ALBAN', 22),
(770, 'ALDANA', 22),
(771, 'ANCUYA', 22),
(772, 'ARBOLEDA', 22),
(773, 'BARBACOAS', 22),
(774, 'BELEN', 22),
(775, 'BUESACO', 22),
(776, 'COLON', 22),
(777, 'CONSACA', 22),
(778, 'CONTADERO', 22),
(779, 'CORDOBA', 22),
(780, 'CUASP', 22),
(781, 'CUMBAL', 22),
(782, 'CUMBITARA', 22),
(783, 'CHACHAG', 22),
(784, 'EL CHARCO', 22),
(785, 'EL PE', 22),
(786, 'EL ROSARIO', 22),
(787, 'EL TABLON DE GOMEZ', 22),
(788, 'EL TAMBO', 22),
(789, 'FUNES', 22),
(790, 'GUACHUCAL', 22),
(791, 'GUAITARILLA', 22),
(792, 'GUALMATAN', 22),
(793, 'ILES', 22),
(794, 'IMUES', 22),
(795, 'IPIALES', 22),
(796, 'LA CRUZ', 22),
(797, 'LA FLORIDA', 22),
(798, 'LA LLANADA', 22),
(799, 'LA TOLA', 22),
(800, 'LA UNION', 22),
(801, 'LEIVA', 22),
(802, 'LINARES', 22),
(803, 'LOS ANDES', 22),
(804, 'MAG', 22),
(805, 'MALLAMA', 22),
(806, 'MOSQUERA', 22),
(807, 'NARI', 22),
(808, 'OLAYA HERRERA', 22),
(809, 'OSPINA', 22),
(810, 'FRANCISCO PIZARRO', 22),
(811, 'POLICARPA', 22),
(812, 'POTOSI', 22),
(813, 'PROVIDENCIA', 22),
(814, 'PUERRES', 22),
(815, 'PUPIALES', 22),
(816, 'RICAURTE', 22),
(817, 'ROBERTO PAYAN', 22),
(818, 'SAMANIEGO', 22),
(819, 'SANDONA', 22),
(820, 'SAN BERNARDO', 22),
(821, 'SAN LORENZO', 22),
(822, 'SAN PABLO', 22),
(823, 'SAN PEDRO DE CARTAGO', 22),
(824, 'SANTA BARBARA', 22),
(825, 'SANTACRUZ', 22),
(826, 'SAPUYES', 22),
(827, 'TAMINANGO', 22),
(828, 'TANGUA', 22),
(829, 'SAN ANDRES DE TUMACO', 22),
(830, 'T', 22),
(831, 'YACUANQUER', 22),
(832, 'CUCUTA', 23),
(833, 'ABREGO', 23),
(834, 'ARBOLEDAS', 23),
(835, 'BOCHALEMA', 23),
(836, 'BUCARASICA', 23),
(837, 'CACOTA', 23),
(838, 'CACHIRA', 23),
(839, 'CHINACOTA', 23),
(840, 'CHITAGA', 23),
(841, 'CONVENCION', 23),
(842, 'CUCUTILLA', 23),
(843, 'DURANIA', 23),
(844, 'EL CARMEN', 23),
(845, 'EL TARRA', 23),
(846, 'EL ZULIA', 23),
(847, 'GRAMALOTE', 23),
(848, 'HACARI', 23),
(849, 'HERRAN', 23),
(850, 'LABATECA', 23),
(851, 'LA ESPERANZA', 23),
(852, 'LA PLAYA', 23),
(853, 'LOS PATIOS', 23),
(854, 'LOURDES', 23),
(855, 'MUTISCUA', 23),
(856, 'OCA', 23),
(857, 'PAMPLONA', 23),
(858, 'PAMPLONITA', 23),
(859, 'PUERTO SANTANDER', 23),
(860, 'RAGONVALIA', 23),
(861, 'SALAZAR', 23),
(862, 'SAN CALIXTO', 23),
(863, 'SAN CAYETANO', 23),
(864, 'SANTIAGO', 23),
(865, 'SARDINATA', 23),
(866, 'SILOS', 23),
(867, 'TEORAMA', 23),
(868, 'TIB', 23),
(870, 'VILLA CARO', 23),
(871, 'VILLA DEL ROSARIO', 23),
(872, 'MOCOA', 24),
(873, 'COLON', 24),
(874, 'ORITO', 24),
(875, 'PUERTO ASIS', 24),
(876, 'PUERTO CAICEDO', 24),
(877, 'PUERTO GUZMAN', 24),
(878, 'PUERTO LEGUIZAMO', 24),
(879, 'SIBUNDOY', 24),
(880, 'SAN FRANCISCO', 24),
(881, 'SAN MIGUEL', 24),
(882, 'SANTIAGO', 24),
(883, 'VALLE DEL GUAMUEZ', 24),
(884, 'VILLAGARZON', 24),
(885, 'ARMENIA', 25),
(886, 'BUENAVISTA', 25),
(887, 'CALARCA', 25),
(888, 'CIRCASIA', 25),
(889, 'CORDOBA', 25),
(890, 'FILANDIA', 25),
(891, 'GENOVA', 25),
(892, 'LA TEBAIDA', 25),
(893, 'MONTENEGRO', 25),
(894, 'PIJAO', 25),
(895, 'QUIMBAYA', 25),
(896, 'SALENTO', 25),
(897, 'PEREIRA', 26),
(898, 'APIA', 26),
(899, 'BALBOA', 26),
(900, 'BELEN DE UMBRIA', 26),
(901, 'DOSQUEBRADAS', 26),
(902, 'GUATICA', 26),
(903, 'LA CELIA', 26),
(904, 'LA VIRGINIA', 26),
(905, 'MARSELLA', 26),
(906, 'MISTRATO', 26),
(907, 'PUEBLO RICO', 26),
(908, 'QUINCHIA', 26),
(909, 'SANTA ROSA DE CABAL', 26),
(910, 'SANTUARIO', 26),
(911, 'BUCARAMANGA', 28),
(912, 'AGUADA', 28),
(913, 'ALBANIA', 28),
(914, 'ARATOCA', 28),
(915, 'BARBOSA', 28),
(916, 'BARICHARA', 28),
(917, 'BARRANCABERMEJA', 28),
(918, 'BETULIA', 28),
(919, 'BOLIVAR', 28),
(920, 'CABRERA', 28),
(921, 'CALIFORNIA', 28),
(922, 'CAPITANEJO', 28),
(923, 'CARCASI', 28),
(924, 'CEPITA', 28),
(925, 'CERRITO', 28),
(926, 'CHARALA', 28),
(927, 'CHARTA', 28),
(928, 'CHIMA', 28),
(929, 'CHIPATA', 28),
(930, 'CIMITARRA', 28),
(931, 'CONCEPCION', 28),
(932, 'CONFINES', 28),
(933, 'CONTRATACION', 28),
(934, 'COROMORO', 28),
(935, 'CURITI', 28),
(936, 'EL CARMEN DE CHUCURI', 28),
(937, 'EL GUACAMAYO', 28),
(938, 'EL PE', 28),
(939, 'EL PLAYON', 28),
(940, 'ENCINO', 28),
(941, 'ENCISO', 28),
(942, 'FLORIAN', 28),
(943, 'FLORIDABLANCA', 28),
(944, 'GALAN', 28),
(945, 'GAMBITA', 28),
(946, 'GIRON', 28),
(947, 'GUACA', 28),
(948, 'GUADALUPE', 28),
(949, 'GUAPOTA', 28),
(950, 'GUAVATA', 28),
(951, 'G', 28),
(952, 'HATO', 28),
(953, 'JES', 28),
(954, 'JORDAN', 28),
(955, 'LA BELLEZA', 28),
(956, 'LANDAZURI', 28),
(957, 'LA PAZ', 28),
(958, 'LEBRIJA', 28),
(959, 'LOS SANTOS', 28),
(960, 'MACARAVITA', 28),
(961, 'MALAGA', 28),
(962, 'MATANZA', 28),
(963, 'MOGOTES', 28),
(964, 'MOLAGAVITA', 28),
(965, 'OCAMONTE', 28),
(966, 'OIBA', 28),
(967, 'ONZAGA', 28),
(968, 'PALMAR', 28),
(969, 'PALMAS DEL SOCORRO', 28),
(970, 'PARAMO', 28),
(971, 'PIEDECUESTA', 28),
(972, 'PINCHOTE', 28),
(973, 'PUENTE NACIONAL', 28),
(974, 'PUERTO PARRA', 28),
(975, 'PUERTO WILCHES', 28),
(976, 'RIONEGRO', 28),
(977, 'SABANA DE TORRES', 28),
(978, 'SAN ANDRES', 28),
(979, 'SAN BENITO', 28),
(980, 'SAN GIL', 28),
(981, 'SAN JOAQUIN', 28),
(982, 'SAN JOSE DE MIRANDA', 28),
(983, 'SAN MIGUEL', 28),
(984, 'SAN VICENTE DE CHUCURI', 28),
(985, 'SANTA BARBARA', 28),
(986, 'SANTA HELENA DEL OPON', 28),
(987, 'SIMACOTA', 28),
(988, 'SOCORRO', 28),
(989, 'SUAITA', 28),
(990, 'SUCRE', 28),
(991, 'SURATA', 28),
(992, 'TONA', 28),
(993, 'VALLE DE SAN JOSE', 28),
(994, 'VELEZ', 28),
(995, 'VETAS', 28),
(996, 'VILLANUEVA', 28),
(997, 'ZAPATOCA', 28),
(998, 'SINCELEJO', 29),
(999, 'BUENAVISTA', 29),
(1000, 'CAIMITO', 29),
(1001, 'COLOSO', 29),
(1002, 'COROZAL', 29),
(1003, 'COVE', 29),
(1004, 'CHALAN', 29),
(1005, 'EL ROBLE', 29),
(1006, 'GALERAS', 29),
(1007, 'GUARANDA', 29),
(1008, 'LA UNION', 29),
(1009, 'LOS PALMITOS', 29),
(1010, 'MAJAGUAL', 29),
(1011, 'MORROA', 29),
(1012, 'OVEJAS', 29),
(1013, 'PALMITO', 29),
(1014, 'SAMPUES', 29),
(1015, 'SAN BENITO ABAD', 29),
(1016, 'SAN JUAN DE BETULIA', 29),
(1017, 'SAN MARCOS', 29),
(1018, 'SAN ONOFRE', 29),
(1019, 'SAN PEDRO', 29),
(1020, 'SAN LUIS DE SINCE', 29),
(1021, 'SUCRE', 29),
(1022, 'SANTIAGO DE TOL', 29),
(1023, 'TOL', 29),
(1024, 'IBAGUE', 30),
(1025, 'ALPUJARRA', 30),
(1026, 'ALVARADO', 30),
(1027, 'AMBALEMA', 30),
(1028, 'ANZOATEGUI', 30),
(1029, 'ARMERO', 30),
(1030, 'ATACO', 30),
(1031, 'CAJAMARCA', 30),
(1032, 'CARMEN DE APICALA', 30),
(1033, 'CASABIANCA', 30),
(1034, 'CHAPARRAL', 30),
(1035, 'COELLO', 30),
(1036, 'COYAIMA', 30),
(1037, 'CUNDAY', 30),
(1038, 'DOLORES', 30),
(1039, 'ESPINAL', 30),
(1040, 'FALAN', 30),
(1041, 'FLANDES', 30),
(1042, 'FRESNO', 30),
(1043, 'GUAMO', 30),
(1044, 'HERVEO', 30),
(1045, 'HONDA', 30),
(1046, 'ICONONZO', 30),
(1047, 'LERIDA', 30),
(1048, 'LIBANO', 30),
(1049, 'SAN SEBASTIAN DE MARIQUITA', 30),
(1050, 'MELGAR', 30),
(1051, 'MURILLO', 30),
(1052, 'NATAGAIMA', 30),
(1053, 'ORTEGA', 30),
(1054, 'PALOCABILDO', 30),
(1055, 'PIEDRAS', 30),
(1056, 'PLANADAS', 30),
(1057, 'PRADO', 30),
(1058, 'PURIFICACION', 30),
(1059, 'RIOBLANCO', 30),
(1060, 'RONCESVALLES', 30),
(1061, 'ROVIRA', 30),
(1062, 'SALDA', 30),
(1063, 'SAN ANTONIO', 30),
(1064, 'SAN LUIS', 30),
(1065, 'SANTA ISABEL', 30),
(1066, 'SUAREZ', 30),
(1067, 'VALLE DE SAN JUAN', 30),
(1068, 'VENADILLO', 30),
(1069, 'VILLAHERMOSA', 30),
(1070, 'VILLARRICA', 30),
(1071, 'CALI', 31),
(1072, 'ALCALA', 31),
(1073, 'ANDALUCIA', 31),
(1074, 'ANSERMANUEVO', 31),
(1075, 'ARGELIA', 31),
(1076, 'BOLIVAR', 31),
(1077, 'BUENAVENTURA', 31),
(1078, 'GUADALAJARA DE BUGA', 31),
(1079, 'BUGALAGRANDE', 31),
(1080, 'CAICEDONIA', 31),
(1081, 'CALIMA', 31),
(1082, 'CANDELARIA', 31),
(1083, 'CARTAGO', 31),
(1084, 'DAGUA', 31),
(1085, 'EL AGUILA', 31),
(1086, 'EL CAIRO', 31),
(1087, 'EL CERRITO', 31),
(1088, 'EL DOVIO', 31),
(1089, 'FLORIDA', 31),
(1090, 'GINEBRA', 31),
(1091, 'GUACARI', 31),
(1092, 'JAMUNDI', 31),
(1093, 'LA CUMBRE', 31),
(1094, 'LA UNION', 31),
(1095, 'LA VICTORIA', 31),
(1096, 'OBANDO', 31),
(1097, 'PALMIRA', 31),
(1098, 'PRADERA', 31),
(1099, 'RESTREPO', 31),
(1100, 'RIOFRIO', 31),
(1101, 'ROLDANILLO', 31),
(1102, 'SAN PEDRO', 31),
(1103, 'SEVILLA', 31),
(1104, 'TORO', 31),
(1105, 'TRUJILLO', 31),
(1106, 'TULUA', 31),
(1107, 'ULLOA', 31),
(1108, 'VERSALLES', 31),
(1109, 'VIJES', 31),
(1110, 'YOTOCO', 31),
(1111, 'YUMBO', 31),
(1112, 'ZARZAL', 31),
(1113, 'MIT', 32),
(1114, 'CARUR', 32),
(1115, 'PACOA', 32),
(1116, 'TARAIRA', 32),
(1117, 'PAPUNAHUA', 32),
(1118, 'YAVARATE', 32),
(1119, 'PUERTO CARRE', 33),
(1120, 'LA PRIMAVERA', 33),
(1121, 'SANTA ROSALIA', 33),
(1122, 'CUMARIBO', 33),
(1123, 'LA ESMERALDA', 34),
(1124, 'SAN FERNANDO DE ATABAPO', 34),
(1125, 'PUERTO AYACUCHO', 34),
(1126, 'ISLA RATON', 34),
(1127, 'SAN JUAN DE MANAPIARE', 34),
(1128, 'MAROA', 34),
(1129, 'SAN CARLOS DE RIO NEGRO', 34),
(1130, 'ANACO', 35),
(1131, 'ARAGUA DE BARCELONA', 35),
(1132, 'BARCELONA', 35),
(1133, 'CLARINES', 35),
(1134, 'ONOTO', 35),
(1135, 'VALLE DE GUANAPE', 35),
(1136, 'LECHERIA', 35),
(1137, 'CANTAURA', 35),
(1138, 'SAN JOSE DE GUANIPA', 35),
(1139, 'GUANTA', 35),
(1140, 'SOLEDAD', 35),
(1141, 'SAN MATEO', 35),
(1142, 'EL CHAPARRO', 35),
(1143, 'PARIAGUAN', 35),
(1144, 'SAN DIEGO DE CABRUTICA', 35),
(1145, 'PUERTO PIRITU', 35),
(1146, 'PIRITU', 35),
(1147, 'BOCA DE UCHIRE', 35),
(1148, 'SANTA ANA', 35),
(1149, 'EL TIGRE', 35),
(1150, 'PUERTO LA CRUZ', 35),
(1151, 'ACHAGUAS', 36),
(1152, 'BIRUACA', 36),
(1153, 'BRUZUAL', 36),
(1154, 'GUASDUALITO', 36),
(1155, 'SAN JUAN DE PAYARA', 36),
(1156, 'ELORZA', 36),
(1157, 'SAN FERNANDO DE APURE', 36),
(1158, 'SAN MATEO', 37),
(1159, 'CAMATAGUA', 37),
(1160, 'SANTA RITA', 37),
(1161, 'MARACAY', 37),
(1162, 'SANTA CRUZ', 37),
(1163, 'LA VICTORIA', 37),
(1164, 'EL CONSEJO', 37),
(1165, 'PALO NEGRO', 37),
(1166, 'EL LIMON', 37),
(1167, 'OCUMARE DE LA COSTA', 37),
(1168, 'SAN CASIMIRO', 37),
(1169, 'SAN SEBASTIAN DE LOS REYES', 37),
(1170, 'TURMERO', 37),
(1171, 'LAS TEJERIAS', 37),
(1172, 'CAGUA', 37),
(1173, 'COLONIA TOVAR', 37),
(1174, 'BARBACOAS', 37),
(1175, 'VILLA DE CURA', 37),
(1176, 'SABANETA', 38),
(1177, 'EL CANTON', 38),
(1178, 'SOCOPO', 38),
(1179, 'ARISMENDI', 38),
(1180, 'BARINAS', 38),
(1181, 'BARINITAS', 38),
(1182, 'BARRANCAS', 38),
(1183, 'SANTA BARBARA', 38),
(1184, 'OBISPOS', 38),
(1185, 'CIUDAD BOLIVIA', 38),
(1186, 'LIBERTAD', 38),
(1187, 'CIUDAD DE NUTRIAS', 38),
(1188, 'CIUDAD GUAYANA', 39),
(1189, 'CAICARA DEL ORINOCO', 39),
(1190, 'EL CALLAO', 39),
(1191, 'SANTA ELENA DE UAIREN', 39),
(1192, 'CIUDAD BOLIVAR', 39),
(1193, 'UPATA', 39),
(1194, 'CIUDAD PIAR', 39),
(1195, 'GUASIPATI', 39),
(1196, 'TUMEREMO', 39),
(1197, 'MARIPA', 39),
(1198, 'EL PALMAR', 39),
(1199, 'BEJUMA', 40),
(1200, 'G', 40),
(1201, 'MARIARA', 40),
(1202, 'GUACARA', 40),
(1203, 'MORON', 40),
(1204, 'TOCUYITO', 40),
(1205, 'LOS GUAYOS', 40),
(1206, 'MIRANDA', 40),
(1207, 'MONTALBAN', 40),
(1208, 'NAGUANAGUA', 40),
(1209, 'PUERTO CABELLO', 40),
(1210, 'SAN DIEGO', 40),
(1211, 'SAN JOAQUIN', 40),
(1212, 'VALENCIA', 40),
(1213, 'COJEDES', 41),
(1214, 'TINAQUILLO', 41),
(1215, 'EL BA', 41),
(1216, 'MACAPO', 41),
(1217, 'EL PAO', 41),
(1218, 'LIBERTAD', 41),
(1219, 'CURIAPO', 42),
(1220, 'SIERRA IMATACA', 42),
(1221, 'PEDERNALES', 42),
(1222, 'TUCUPITA', 42),
(1223, 'CARACAS', 43),
(1224, 'SAN JUAN DE LOS CAYOS', 44),
(1225, 'SAN LUIS', 44),
(1226, 'CAPATARIDA', 44),
(1227, 'YARACAL', 44),
(1228, 'PUNTO FIJO', 44),
(1229, 'LA VELA DE CORO', 44),
(1230, 'DABAJURO', 44),
(1231, 'PEDREGAL', 44),
(1232, 'PUEBLO NUEVO', 44),
(1233, 'CHURUGUARA', 44),
(1234, 'JACURA', 44),
(1235, 'SANTA CRUZ DE LOS TAQUES', 44),
(1236, 'MENE DE MAUROA', 44),
(1237, 'SANTA ANA DE CORO', 44),
(1238, 'CHICHIRIVICHE', 44),
(1239, 'PALMASOLA', 44),
(1240, 'CABURE', 44),
(1241, 'PIRITU', 44),
(1242, 'MIRIMIRE', 44),
(1243, 'TUCACAS', 44),
(1244, 'LA CRUZ DE TARATARA', 44),
(1245, 'TOCOPERO', 44),
(1246, 'SANTA CRUZ DE BUCARAL', 44),
(1247, 'URUMACO', 44),
(1248, 'PUERTO CUMAREBO', 44),
(1249, 'CAMAGUAN', 45),
(1250, 'CHAGUARAMAS', 45),
(1251, 'EL SOCORRO', 45),
(1252, 'CALABOZO', 45),
(1253, 'TUCUPIDO', 45),
(1254, 'ALTAGRACIA DE ORITUCO', 45),
(1255, 'SAN JUAN DE LOS MORROS', 45),
(1256, 'EL SOMBRERO', 45),
(1257, 'LAS MERCEDES', 45),
(1258, 'VALLE DE LA PASCUA', 45),
(1259, 'ZARAZA', 45),
(1260, 'ORTIZ', 45),
(1261, 'GUAYABAL', 45),
(1262, 'SAN JOSE DE GUARIBE', 45),
(1263, 'SANTA MARIA DE IPIRE', 45),
(1264, 'SANARE', 46),
(1265, 'DUACA', 46),
(1266, 'BARQUISIMETO', 46),
(1267, 'QUIBOR', 46),
(1268, 'EL TOCUYO', 46),
(1269, 'CABUDARE', 46),
(1270, 'SARARE', 46),
(1271, 'CARORA', 46),
(1272, 'SIQUISIQUE', 46),
(1273, 'EL VIGIA', 47),
(1274, 'LA AZULITA', 47),
(1275, 'SANTA CRUZ DE MORA', 47),
(1276, 'LAGUNILLAS', 47),
(1277, 'TOVAR', 47),
(1278, 'NUEVA BOLIVIA', 47),
(1279, 'ZEA', 47),
(1280, 'CAUCAGUA', 48),
(1281, 'SAN JOSE DE BARLOVENTO', 48),
(1282, 'BARUTA', 48),
(1283, 'HIGUEROTE', 48),
(1284, 'MAMPORAL', 48),
(1285, 'CARRIZAL', 48),
(1286, 'CHACAO', 48),
(1287, 'CHARALLAVE', 48),
(1288, 'EL HATILLO', 48),
(1289, 'LOS TEQUES', 48),
(1290, 'SANTA TERESA DEL TUY', 48),
(1291, 'OCUMARE DEL TUY', 48),
(1292, 'SAN ANTONIO DE LOS ALTOS', 48),
(1293, 'RIO CHICO', 48),
(1294, 'SANTA LUCIA', 48),
(1295, 'C', 48),
(1296, 'GUARENAS', 48),
(1297, 'SAN FRANCISCO DE YARE', 48),
(1298, 'PETARE', 48),
(1299, 'C', 48),
(1300, 'GUATIRE', 48),
(1301, 'SAN ANTONIO DE CAPAYACUAR', 49),
(1302, 'AGUASAI', 49),
(1303, 'CARIPITO', 49),
(1304, 'CARIPE', 49),
(1305, 'CAICARA', 49),
(1306, 'PUNTA DE MATA', 49),
(1307, 'TEMBLADOR', 49),
(1308, 'MATURIN', 49),
(1309, 'ARAGUA', 49),
(1310, 'QUIRIQUIRE', 49),
(1311, 'SANTA BARBARA', 49),
(1312, 'BARRANCAS DEL ORINCO', 49),
(1313, 'URACOA', 49),
(1314, 'LA PLAZA DE PARAGUACHI', 50),
(1315, 'LA ASUNCION', 50),
(1316, 'SAN JUAN BAUTISTA', 50),
(1317, 'EL VALLE DEL ESPIRITU SANTO', 50),
(1318, 'SANTA ANA', 50),
(1319, 'PAMPATAR', 50),
(1320, 'JUAN GRIEGO', 50),
(1321, 'PORLAMAR', 50),
(1322, 'BOCA DE RIO', 50),
(1323, 'PUNTA DE PIEDRAS', 50),
(1324, 'SAN PEDRO DE COCHE', 50),
(1325, 'AGUA BLANCA', 51),
(1326, 'ARAURE', 51),
(1327, 'PIRITU', 51),
(1328, 'GUANARE', 51),
(1329, 'GUANARITO', 51),
(1330, 'CHABASQUEN DE UNDA', 51),
(1331, 'OSPINO', 51),
(1332, 'ACARIGUA', 51),
(1333, 'PAPELON', 51),
(1334, 'BOCONOITO', 51),
(1335, 'SAN RAFAEL DE ONOTO', 51),
(1336, 'EL PLAYON', 51),
(1337, 'BISCUCUY', 51),
(1338, 'VILLA BRUZUAL', 51),
(1339, 'CASANAY', 52),
(1340, 'SAN JOSE DE AEROCUAR', 52),
(1341, 'RIO CARIBE', 52),
(1342, 'EL PILAR', 52),
(1343, 'CAR', 52),
(1344, 'MARIG', 52),
(1345, 'YAGUARAPARO', 52),
(1346, 'ARAYA', 52),
(1347, 'TUNAPUY', 52),
(1348, 'IRAPA', 52),
(1349, 'SAN ANTONIO DEL GOLFO', 52),
(1350, 'CUMANACOA', 52),
(1351, 'CARIACO', 52),
(1352, 'CUMANA', 52),
(1353, 'G', 52),
(1354, 'CORDERO', 53),
(1355, 'LAS MESAS', 53),
(1356, 'EL COLON', 53),
(1357, 'SAN ANTONIO DEL TACHIRA', 53),
(1358, 'TARIBA', 53),
(1359, 'SANTA ANA DE TACHIRA', 53),
(1360, 'SAN RAFAEL DEL PI', 53),
(1361, 'SAN JOSE DE BOLIVAR', 53),
(1362, 'LA FRIA', 53),
(1363, 'PALMIRA', 53),
(1364, 'CAPACHO NUEVO', 53),
(1365, 'LA GRITA', 53),
(1366, 'EL COBRE', 53),
(1367, 'RUBIO', 53),
(1368, 'UMUQUENA', 53),
(1369, 'CAPACHO VIEJO', 53),
(1370, 'ABEJALES', 53),
(1371, 'LOBATERA', 53),
(1372, 'MICHELENA', 53),
(1373, 'COLONCITO', 53),
(1374, 'UREÑA', 53),
(1375, 'DELICIAS', 53),
(1376, 'LA TENDIDA', 53),
(1377, 'SAN CRISTOBAL', 53),
(1378, 'SEBORUCO', 53),
(1379, 'SAN SIMON', 53),
(1380, 'QUENIQUEA', 53),
(1381, 'SAN JOSESITO', 53),
(1382, 'PREGONERO', 53),
(1383, 'SANTA ISABEL', 54),
(1384, 'BOCONO', 54),
(1385, 'SABANA GRANDE', 54),
(1386, 'CHEJENDE', 54),
(1387, 'CARACHE', 54),
(1388, 'ESCUQUE', 54),
(1389, 'EL PARADERO', 54),
(1390, 'CAMPO ELIAS', 54),
(1391, 'SANTA APOLONIA', 54),
(1392, 'EL DIVIDIVE', 54),
(1393, 'PAMPAN', 54),
(1394, 'TRUJILLO', 54),
(1395, 'SAN LAZARO', 54),
(1396, 'PAMPANITO', 54),
(1397, 'LA GUAIRA', 55),
(1398, 'SAN PABLO', 56),
(1399, 'AROA', 56),
(1400, 'CHIVACOA', 56),
(1401, 'COCOROTE', 56),
(1402, 'INDEPENDENCIA', 56),
(1403, 'EL TORO', 57),
(1404, 'SAN TIMOTEO', 57),
(1405, 'CABIMAS', 57),
(1406, 'ENCONTRADOS', 57),
(1407, 'SAN CARLOS DEL ZULIA', 57),
(1408, 'PUEBLO NUEVO-EL CHIVO', 57),
(1409, 'LA CONCEPCION', 57),
(1410, 'CASIGUA EL CUBO', 57),
(1411, 'SAN JUAN DE COLON', 53),
(1412, 'ZULIA', 23),
(1413, 'OCAÑA', 23),
(1414, 'PATIOS', 23),
(1415, 'TARRA', 23),
(1416, 'LA MESA DE LOS SANTOS', 28),
(1417, 'ATALAYA', 23),
(1418, 'TIBU', 23),
(1419, 'CODAZIS', 12);

-- --------------------------------------------------------

--
-- Estructura de tabla para la tabla `departamento`
--

CREATE TABLE `departamento` (
  `iddepartamento` int(11) NOT NULL,
  `departamento_descripcion` varchar(120) DEFAULT NULL,
  `pais_idpais` int(11) NOT NULL
) ENGINE=InnoDB DEFAULT CHARSET=latin1;

--
-- Volcado de datos para la tabla `departamento`
--

INSERT INTO `departamento` (`iddepartamento`, `departamento_descripcion`, `pais_idpais`) VALUES
(1, 'AMAZONAS', 49),
(2, 'ANTIOQUIA', 49),
(3, 'ARAUCA', 49),
(4, 'ATLANTICO', 49),
(5, 'BOGOTA', 49),
(6, 'BOLIVAR', 49),
(7, 'BOYACA', 49),
(8, 'CALDAS', 49),
(9, 'CAQUETA', 49),
(10, 'CASANARE', 49),
(11, 'CAUCA', 49),
(12, 'CESAR', 49),
(13, 'CHOCO', 49),
(14, 'CORDOBA', 49),
(15, 'CUNDINAMARCA', 49),
(16, 'GUAINIA', 49),
(17, 'GUAVIARE', 49),
(18, 'HUILA', 49),
(19, 'LA GUAJIRA', 49),
(20, 'MAGDALENA', 49),
(21, 'META', 49),
(22, 'NARIÑO', 49),
(23, 'NORTE DE SANTANDER', 49),
(24, 'PUTUMAYO', 49),
(25, 'QUINDIO', 49),
(26, 'RISARALDA', 49),
(27, 'SAN ANDRES Y PROVIDENCIA', 49),
(28, 'SANTANDER', 49),
(29, 'SUCRE', 49),
(30, 'TOLIMA', 49),
(31, 'VALLE DEL CAUCA', 49),
(32, 'VAUPES', 49),
(33, 'VICHADA', 49),
(34, 'AMAZONAS', 237),
(35, 'ANZOATEGUI', 237),
(36, 'APURE', 237),
(37, 'ARAGUA', 237),
(38, 'BARINAS', 237),
(39, 'BOLIVAR', 237),
(40, 'CARABOBO', 237),
(41, 'COJEDES', 237),
(42, 'DELTA AMACURO', 237),
(43, 'DISTRITO CAPITAL', 237),
(44, 'FALCON', 237),
(45, 'GUARICO', 237),
(46, 'LARA', 237),
(47, 'MERIDA', 237),
(48, 'MIRANDA', 237),
(49, 'MONAGAS', 237),
(50, 'NUEVA ESPARTA', 237),
(51, 'PORTUGUESA', 237),
(52, 'SUCRE', 237),
(53, 'TACHIRA', 237),
(54, 'TRUJILLO', 237),
(55, 'VARGAS', 237),
(56, 'YARACUY', 237),
(57, 'ZULIA', 237);

-- --------------------------------------------------------

--
-- Estructura de tabla para la tabla `eps`
--

CREATE TABLE `eps` (
  `ideps` int(11) NOT NULL,
  `eps_nombre` varchar(100) NOT NULL
) ENGINE=InnoDB DEFAULT CHARSET=latin1;

--
-- Volcado de datos para la tabla `eps`
--

INSERT INTO `eps` (`ideps`, `eps_nombre`) VALUES
(1, 'ALIANSALUD EPS'),
(2, 'SALUD TOTAL S.A.'),
(4, 'E.P.S SANITAS'),
(5, 'COMPENSAR ENTIDAD PROMOTORA DE SALUD'),
(6, 'COMFENALCO ANTIOQUIA EPS'),
(7, 'EPS SURA'),
(8, 'COMFENALCO VALLE EPS'),
(9, 'SALUDCOOP E.P.S'),
(10, 'HUMANA VIVIR EPS'),
(11, 'SALUD COLPATRIA S.A. EPS'),
(12, 'COOMEVA EPS'),
(13, 'FAMISANAR'),
(14, 'SERVICIO OCCIDENTAL DE SALUD S.O.S. S.A.'),
(15, 'CRUZ BLANCA S.A'),
(16, 'SOLIDARIA DE SALUD SOLSALUD S.A'),
(17, 'SALUDVIDA S.A EPS'),
(18, 'NUEVA EPS'),
(19, 'MULTIMEDICAS SALUD CON CALIDAD EPS S.A.'),
(20, 'GOLDEN GROUP EPS'),
(21, 'FOSYGA'),
(22, 'MEDIMAS EPS'),
(23, 'VIHONCO'),
(24, 'CONFAORIENTE'),
(25, 'COMPARTA'),
(26, 'COOPSALUD'),
(27, 'COOSALUD');

-- --------------------------------------------------------

--
-- Estructura de tabla para la tabla `estado_civil`
--

CREATE TABLE `estado_civil` (
  `idestado_civil` int(11) NOT NULL,
  `estado_civil_descripcion` varchar(50) NOT NULL
) ENGINE=InnoDB DEFAULT CHARSET=latin1;

--
-- Volcado de datos para la tabla `estado_civil`
--

INSERT INTO `estado_civil` (`idestado_civil`, `estado_civil_descripcion`) VALUES
(1, 'SOLTERO(A)'),
(2, 'CASADO(A)'),
(3, 'UNION LIBRE'),
(4, 'SEPARADO(A)'),
(5, 'VIUDO(A)');

-- --------------------------------------------------------

--
-- Estructura de tabla para la tabla `estrato`
--

CREATE TABLE `estrato` (
  `idestrato` int(11) NOT NULL,
  `estrato_nombre` varchar(45) NOT NULL
) ENGINE=InnoDB DEFAULT CHARSET=latin1;

--
-- Volcado de datos para la tabla `estrato`
--

INSERT INTO `estrato` (`idestrato`, `estrato_nombre`) VALUES
(1, 'UNO'),
(2, 'DOS'),
(3, 'TRES'),
(4, 'CUATRO'),
(5, 'CINCO'),
(6, 'SEIS');

-- --------------------------------------------------------

--
-- Estructura de tabla para la tabla `grupo_sanguineo`
--

CREATE TABLE `grupo_sanguineo` (
  `idgrupo_sanguineo` int(11) NOT NULL,
  `grupo_sanguineo_nombre` varchar(45) NOT NULL
) ENGINE=InnoDB DEFAULT CHARSET=latin1;

--
-- Volcado de datos para la tabla `grupo_sanguineo`
--

INSERT INTO `grupo_sanguineo` (`idgrupo_sanguineo`, `grupo_sanguineo_nombre`) VALUES
(1, 'O-'),
(2, 'O+'),
(3, 'A-'),
(4, 'A+'),
(5, 'B-'),
(6, 'B+'),
(7, 'AB-'),
(8, 'AB+');

-- --------------------------------------------------------

--
-- Estructura de tabla para la tabla `nivel_estudios`
--

CREATE TABLE `nivel_estudios` (
  `idnivel_estudios` int(11) NOT NULL,
  `nivel_estudios_nombre` varchar(100) NOT NULL
) ENGINE=InnoDB DEFAULT CHARSET=latin1;

--
-- Volcado de datos para la tabla `nivel_estudios`
--

INSERT INTO `nivel_estudios` (`idnivel_estudios`, `nivel_estudios_nombre`) VALUES
(1, 'SIN ESTUDIOS'),
(2, 'BASICA PRIMARIA'),
(3, 'EDUCACION MEDIA'),
(4, 'EDUCACION SUPERIOR');

-- --------------------------------------------------------

--
-- Estructura de tabla para la tabla `pais`
--

CREATE TABLE `pais` (
  `idpais` int(11) NOT NULL,
  `pais_descripcion` varchar(45) NOT NULL
) ENGINE=InnoDB DEFAULT CHARSET=latin1;

--
-- Volcado de datos para la tabla `pais`
--

INSERT INTO `pais` (`idpais`, `pais_descripcion`) VALUES
(1, 'AFGHANISTAN'),
(2, 'ALAND ISLANDS'),
(3, 'ALBANIA'),
(4, 'ALEMANIA'),
(5, 'ALGERIA'),
(6, 'AMERICAN SAMOA'),
(7, 'ANDORRA'),
(8, 'ANGOLA'),
(9, 'ANGUILLA'),
(10, 'ANTARCTICA'),
(11, 'ANTIGUA Y BARBUDA'),
(12, 'ARABIA SAUDITA'),
(13, 'ARGENTINA'),
(14, 'ARMENIA'),
(15, 'ARUBA'),
(16, 'ASIA / REGION PACIFICO'),
(17, 'AUSTRALIA'),
(18, 'AUSTRIA'),
(19, 'AZERBAIJAN'),
(20, 'BAHAMAS'),
(21, 'BAHRAIN'),
(22, 'BANGLADESH'),
(23, 'BARBADOS'),
(24, 'BELARUS'),
(25, 'BELGICA'),
(26, 'BELICE'),
(27, 'BENIN'),
(28, 'BERMUDA'),
(29, 'BHUTAN'),
(30, 'BOLIVIA'),
(31, 'BONAIR'),
(32, 'BOSNIA AND HERZEGOVINA'),
(33, 'BOTSWANA'),
(34, 'BRASIL'),
(35, 'BRITISH INDIAN OCEAN TERRITORY'),
(36, 'BRUNEI DARUSSALAM'),
(37, 'BULGARIA'),
(38, 'BURKINA FASO'),
(39, 'BURUNDI'),
(40, 'CABO VERDE'),
(41, 'CAMBOYA'),
(42, 'CAMERUN'),
(43, 'CANADA'),
(44, 'CHAD'),
(45, 'CHILE'),
(46, 'CHINA'),
(47, 'CHIPRE'),
(48, 'COCOS (KEELING) ISLANDS'),
(49, 'COLOMBIA'),
(50, 'COMOROS'),
(51, 'CONG'),
(52, 'CONGO'),
(53, 'COOK ISLANDS'),
(54, 'COSTA RICA'),
(55, 'COTE D\'IVOIRE'),
(56, 'CROACIA'),
(57, 'CUBA'),
(58, 'CURACAO'),
(59, 'DINAMARCA'),
(60, 'DJIBOUTI'),
(61, 'DOMINICA'),
(62, 'ECUADOR'),
(63, 'EGIPTO'),
(64, 'EL SALVADOR'),
(65, 'EMIRATOS ARABES UNIDOS'),
(66, 'ERITREA'),
(67, 'ESLOVAQUIA'),
(68, 'ESLOVENIA'),
(69, 'ESPA'),
(70, 'ESTADOS UNIDOS'),
(71, 'ESTONIA'),
(72, 'ETIOPIA'),
(73, 'FAROE ISLANDS'),
(74, 'FIJI'),
(75, 'FILIPINAS'),
(76, 'FINLANDIA'),
(77, 'FRANCIA'),
(78, 'FRENCH POLYNESIA'),
(79, 'GABON'),
(80, 'GAMBIA'),
(81, 'GANA'),
(82, 'GEORGIA'),
(83, 'GIBRALTAR'),
(84, 'GRANADA'),
(85, 'GRECIA'),
(86, 'GROENLANDIA'),
(87, 'GUADELOUPE'),
(88, 'GUAM'),
(89, 'GUATEMALA'),
(90, 'GUERNSEY'),
(91, 'GUINEA'),
(92, 'GUINEA ECUATORIAL'),
(93, 'GUINEA-BISSAU'),
(94, 'GUYANA'),
(95, 'GUYANA FRANCESA'),
(96, 'HAITI'),
(97, 'HOLANDA, PAISES BAJOS'),
(98, 'HOLY SEE (VATICAN CITY STATE)'),
(99, 'HONDURAS'),
(100, 'HUNGRIA'),
(101, 'INDIA'),
(102, 'INDONESIA'),
(103, 'IRA'),
(104, 'IRAQ'),
(105, 'IRLANDA'),
(106, 'ISLANDIA'),
(107, 'ISLAS (MALVINAS)'),
(108, 'ISLAS CAIMAN'),
(109, 'ISLAS DE PASCUA'),
(110, 'ISLAS SALOMON'),
(111, 'ISLE OF MAN'),
(112, 'ISRAEL'),
(113, 'ITALIA'),
(114, 'JAMAICA'),
(115, 'JAPAN'),
(116, 'JERSEY'),
(117, 'JORDAN'),
(118, 'KAZAKHSTAN'),
(119, 'KENYA'),
(120, 'KIRIBATI'),
(121, 'KORE'),
(122, 'KUWAIT'),
(123, 'KYRGYZSTAN'),
(124, 'LAO PEOPLE\'S DEMOCRATIC REPUBLIC'),
(125, 'LATVIA'),
(126, 'LEBANON'),
(127, 'LESOTHO'),
(128, 'LIBERIA'),
(129, 'LIBYA'),
(130, 'LIECHTENSTEIN'),
(131, 'LITHUANIA'),
(132, 'LUXEMBOURG'),
(133, 'MACAU'),
(134, 'MACEDONIA'),
(135, 'MADAGASCAR'),
(136, 'MALASIA'),
(137, 'MALAWI'),
(138, 'MALDIVES'),
(139, 'MALI'),
(140, 'MALTA'),
(141, 'MARRUECOS'),
(142, 'MARSHALL ISLANDS'),
(143, 'MARTINIQUE'),
(144, 'MAURITANIA'),
(145, 'MAURITIUS'),
(146, 'MAYOTTE'),
(147, 'MEXICO'),
(148, 'MICRONESI'),
(149, 'MOLDOV'),
(150, 'MONACO'),
(151, 'MONGOLIA'),
(152, 'MONTENEGRO'),
(153, 'MONTSERRAT'),
(154, 'MOZAMBIQUE'),
(155, 'MYANMAR'),
(156, 'NAMIBIA'),
(157, 'NAURU'),
(158, 'NEPAL'),
(159, 'NICARAGUA'),
(160, 'NIGER'),
(161, 'NIGERIA'),
(162, 'NIUE'),
(163, 'NORFOLK ISLAND'),
(164, 'NORTHERN MARIANA ISLANDS'),
(165, 'NORUEGA'),
(166, 'NUEVA CALEDONIA'),
(167, 'NUEVA ZELANDIA'),
(168, 'OMAN'),
(169, 'PAKISTAN'),
(170, 'PALAU'),
(171, 'PALESTINA'),
(172, 'PANAMA'),
(173, 'PAPUA NEW GUINEA'),
(174, 'PARAGUAY'),
(175, 'PERU'),
(176, 'PITCAIRN ISLANDS'),
(177, 'POLONIA'),
(178, 'PORTUGAL'),
(179, 'PUERTO RICO'),
(180, 'QATAR'),
(181, 'REINO UNIDO'),
(182, 'REPUBLICA CENTRAL DE AFRICA'),
(183, 'REPUBLICA CHECA'),
(184, 'REPUBLICA DOMINICANA'),
(185, 'REUNION'),
(186, 'ROMANIA'),
(187, 'RUANDA'),
(188, 'RUSIA'),
(189, 'SAINT BARTHELEMY'),
(190, 'SAINT HELENA'),
(191, 'SAINT KITTS AND NEVIS'),
(192, 'SAINT PIERRE AND MIQUELON'),
(193, 'SAINT VINCENT AND THE GRENADINES'),
(194, 'SAMOA'),
(195, 'SAN MARINO'),
(196, 'SAN MARTIN'),
(197, 'SANTA LUCIA'),
(198, 'SAO TOME AND PRINCIPE'),
(199, 'SENEGAL'),
(200, 'SERBIA'),
(201, 'SEYCHELLES'),
(202, 'SIERRA LEONE'),
(203, 'SINGAPUR'),
(204, 'SINT MAARTEN (DUTCH PART)'),
(205, 'SIRIA REPUBLICA ARABE'),
(206, 'SOMALIA'),
(207, 'SOUTH GEORGIA AND THE SOUTH SANDWICH ISLANDS'),
(208, 'SRI LANKA'),
(209, 'SUDAFRICA'),
(210, 'SUDAN'),
(211, 'SUDAN DEL SUR'),
(212, 'SUECIA'),
(213, 'SUIZA'),
(214, 'SURINAM'),
(215, 'SVALBARD AND JAN MAYEN'),
(216, 'SWAZILAND'),
(217, 'TAILANDIA'),
(218, 'TAIWAN'),
(219, 'TAJIKISTAN'),
(220, 'TANZANIA'),
(221, 'TIMOR-LESTE'),
(222, 'TOGO'),
(223, 'TOKELAU'),
(224, 'TONGA'),
(225, 'TRINIDAD Y TOBAGO'),
(226, 'TUNISIA'),
(227, 'TURKMENISTAN'),
(228, 'TURKS AND CAICOS ISLANDS'),
(229, 'TURQUIA'),
(230, 'TUVALU'),
(231, 'UCRANIA'),
(232, 'UGANDA'),
(233, 'UNITED STATES MINOR OUTLYING ISLANDS'),
(234, 'URUGUAY'),
(235, 'UZBEKISTAN'),
(236, 'VANUATU'),
(237, 'VENEZUELA'),
(238, 'VIETNAM'),
(239, 'VIRGIN ISLAND'),
(240, 'WALLIS AND FUTUNA'),
(241, 'WESTERN SAHARA'),
(242, 'YEMEN'),
(243, 'ZAMBIA'),
(244, 'ZIMBABWE'),
(245, 'CUCUTA');

-- --------------------------------------------------------

--
-- Estructura de tabla para la tabla `pension`
--

CREATE TABLE `pension` (
  `idpension` int(11) NOT NULL,
  `pension_nombre` varchar(100) NOT NULL
) ENGINE=InnoDB DEFAULT CHARSET=latin1;

--
-- Volcado de datos para la tabla `pension`
--

INSERT INTO `pension` (`idpension`, `pension_nombre`) VALUES
(1, 'PROTECCION S.A'),
(2, 'PORVENIR S.A'),
(3, 'COLFONDOS PENSIONES Y CESANTIAS'),
(4, 'OLD MUTUAL');

-- --------------------------------------------------------

--
-- Estructura de tabla para la tabla `sexo`
--

CREATE TABLE `sexo` (
  `idsexo` int(11) NOT NULL,
  `sexo_descripcion` varchar(10) NOT NULL
) ENGINE=InnoDB DEFAULT CHARSET=latin1;

--
-- Volcado de datos para la tabla `sexo`
--

INSERT INTO `sexo` (`idsexo`, `sexo_descripcion`) VALUES
(1, 'MASCULINO'),
(2, 'FEMENINO');

-- --------------------------------------------------------

--
-- Estructura de tabla para la tabla `tipo_familiar`
--

CREATE TABLE `tipo_familiar` (
  `idtipo_familiar` int(11) NOT NULL,
  `tipo_familiar_descripcion` varchar(45) NOT NULL
) ENGINE=InnoDB DEFAULT CHARSET=latin1;

--
-- Volcado de datos para la tabla `tipo_familiar`
--

INSERT INTO `tipo_familiar` (`idtipo_familiar`, `tipo_familiar_descripcion`) VALUES
(1, 'PADRE'),
(2, 'MADRE'),
(3, 'SUEGRO(A)'),
(4, 'SUEGRO(A)'),
(5, 'HIJO(A)'),
(6, 'YERNO'),
(7, 'NUERA'),
(8, 'ABUELO(A)'),
(9, 'NIETO(A)'),
(10, 'HERMANO(A)'),
(11, 'PRIMO(A)'),
(12, 'CU'),
(13, 'BISABUELO(A)'),
(14, 'BIZNIETO(A)'),
(15, 'TIO(A)'),
(16, 'SOBRINO(A)'),
(17, 'AMIGO(A)');

--
-- Índices para tablas volcadas
--

--
-- Indices de la tabla `arl`
--
ALTER TABLE `arl`
  ADD PRIMARY KEY (`idarl`);

--
-- Indices de la tabla `banco`
--
ALTER TABLE `banco`
  ADD PRIMARY KEY (`idbanco`);

--
-- Indices de la tabla `barrio`
--
ALTER TABLE `barrio`
  ADD PRIMARY KEY (`idbarrio`),
  ADD KEY `fk_barrio_ciudad1_idx` (`ciudad_idciudad`);

--
-- Indices de la tabla `ciudad`
--
ALTER TABLE `ciudad`
  ADD PRIMARY KEY (`idciudad`),
  ADD KEY `fk_ciudad_departamento1_idx` (`departamento_iddepartamento`);

--
-- Indices de la tabla `departamento`
--
ALTER TABLE `departamento`
  ADD PRIMARY KEY (`iddepartamento`),
  ADD KEY `fk_departamento_pais1_idx` (`pais_idpais`);

--
-- Indices de la tabla `eps`
--
ALTER TABLE `eps`
  ADD PRIMARY KEY (`ideps`);

--
-- Indices de la tabla `estado_civil`
--
ALTER TABLE `estado_civil`
  ADD PRIMARY KEY (`idestado_civil`);

--
-- Indices de la tabla `estrato`
--
ALTER TABLE `estrato`
  ADD PRIMARY KEY (`idestrato`);

--
-- Indices de la tabla `grupo_sanguineo`
--
ALTER TABLE `grupo_sanguineo`
  ADD PRIMARY KEY (`idgrupo_sanguineo`);

--
-- Indices de la tabla `nivel_estudios`
--
ALTER TABLE `nivel_estudios`
  ADD PRIMARY KEY (`idnivel_estudios`);

--
-- Indices de la tabla `pais`
--
ALTER TABLE `pais`
  ADD PRIMARY KEY (`idpais`);

--
-- Indices de la tabla `pension`
--
ALTER TABLE `pension`
  ADD PRIMARY KEY (`idpension`);

--
-- Indices de la tabla `sexo`
--
ALTER TABLE `sexo`
  ADD PRIMARY KEY (`idsexo`);

--
-- Indices de la tabla `tipo_familiar`
--
ALTER TABLE `tipo_familiar`
  ADD PRIMARY KEY (`idtipo_familiar`);

--
-- AUTO_INCREMENT de las tablas volcadas
--

--
-- AUTO_INCREMENT de la tabla `arl`
--
ALTER TABLE `arl`
  MODIFY `idarl` int(11) NOT NULL AUTO_INCREMENT, AUTO_INCREMENT=40;

--
-- AUTO_INCREMENT de la tabla `banco`
--
ALTER TABLE `banco`
  MODIFY `idbanco` int(11) NOT NULL AUTO_INCREMENT, AUTO_INCREMENT=40;

--
-- AUTO_INCREMENT de la tabla `barrio`
--
ALTER TABLE `barrio`
  MODIFY `idbarrio` int(11) NOT NULL AUTO_INCREMENT, AUTO_INCREMENT=590;

--
-- AUTO_INCREMENT de la tabla `ciudad`
--
ALTER TABLE `ciudad`
  MODIFY `idciudad` int(11) NOT NULL AUTO_INCREMENT, AUTO_INCREMENT=1420;

--
-- AUTO_INCREMENT de la tabla `departamento`
--
ALTER TABLE `departamento`
  MODIFY `iddepartamento` int(11) NOT NULL AUTO_INCREMENT, AUTO_INCREMENT=58;

--
-- AUTO_INCREMENT de la tabla `eps`
--
ALTER TABLE `eps`
  MODIFY `ideps` int(11) NOT NULL AUTO_INCREMENT, AUTO_INCREMENT=28;

--
-- AUTO_INCREMENT de la tabla `estado_civil`
--
ALTER TABLE `estado_civil`
  MODIFY `idestado_civil` int(11) NOT NULL AUTO_INCREMENT, AUTO_INCREMENT=6;

--
-- AUTO_INCREMENT de la tabla `estrato`
--
ALTER TABLE `estrato`
  MODIFY `idestrato` int(11) NOT NULL AUTO_INCREMENT, AUTO_INCREMENT=7;

--
-- AUTO_INCREMENT de la tabla `grupo_sanguineo`
--
ALTER TABLE `grupo_sanguineo`
  MODIFY `idgrupo_sanguineo` int(11) NOT NULL AUTO_INCREMENT, AUTO_INCREMENT=9;

--
-- AUTO_INCREMENT de la tabla `nivel_estudios`
--
ALTER TABLE `nivel_estudios`
  MODIFY `idnivel_estudios` int(11) NOT NULL AUTO_INCREMENT, AUTO_INCREMENT=5;

--
-- AUTO_INCREMENT de la tabla `pais`
--
ALTER TABLE `pais`
  MODIFY `idpais` int(11) NOT NULL AUTO_INCREMENT, AUTO_INCREMENT=246;

--
-- AUTO_INCREMENT de la tabla `pension`
--
ALTER TABLE `pension`
  MODIFY `idpension` int(11) NOT NULL AUTO_INCREMENT, AUTO_INCREMENT=5;

--
-- AUTO_INCREMENT de la tabla `sexo`
--
ALTER TABLE `sexo`
  MODIFY `idsexo` int(11) NOT NULL AUTO_INCREMENT, AUTO_INCREMENT=3;

--
-- AUTO_INCREMENT de la tabla `tipo_familiar`
--
ALTER TABLE `tipo_familiar`
  MODIFY `idtipo_familiar` int(11) NOT NULL AUTO_INCREMENT, AUTO_INCREMENT=18;

--
-- Restricciones para tablas volcadas
--

--
-- Filtros para la tabla `barrio`
--
ALTER TABLE `barrio`
  ADD CONSTRAINT `fk_barrio_ciudad1` FOREIGN KEY (`ciudad_idciudad`) REFERENCES `ciudad` (`idciudad`) ON DELETE NO ACTION ON UPDATE NO ACTION;

--
-- Filtros para la tabla `ciudad`
--
ALTER TABLE `ciudad`
  ADD CONSTRAINT `fk_ciudad_departamento1` FOREIGN KEY (`departamento_iddepartamento`) REFERENCES `departamento` (`iddepartamento`) ON DELETE NO ACTION ON UPDATE NO ACTION;

--
-- Filtros para la tabla `departamento`
--
ALTER TABLE `departamento`
  ADD CONSTRAINT `fk_departamento_pais1` FOREIGN KEY (`pais_idpais`) REFERENCES `pais` (`idpais`) ON DELETE NO ACTION ON UPDATE NO ACTION;
COMMIT;

/*!40101 SET CHARACTER_SET_CLIENT=@OLD_CHARACTER_SET_CLIENT */;
/*!40101 SET CHARACTER_SET_RESULTS=@OLD_CHARACTER_SET_RESULTS */;
/*!40101 SET COLLATION_CONNECTION=@OLD_COLLATION_CONNECTION */;
